"BAJAJFINSV","Nifty"
-0.008510735954167056,-0.0020308385618384604
-0.013287563362778976,-0.029963988504258552
-0.023118996086712928,-0.0031067936898908277
-0.0008539090201289373,0.01635372426868786
0.049855559061425095,0.006059844238869928
-0.008218522789846574,0.004647232784114913
-0.008989909051205627,-0.0028354690616365233
0.014790605668638476,-0.002632790921100008
-0.025069005716738996,0.02616723439938259
0.027786691533358398,0.0023132877445660644
-0.01660134131842612,0.0043341857742917505
-0.007652050606329377,0.01694591211193803
0.05087637367854887,0.003898568531710234
-0.022164096240092537,0.003654320522366598
0.0042934091492199235,0.008468876513875734
0.010784134044511756,0.00847711466279042
0.04816350325926446,0.00042644127714500427
0.054529556729669644,0.0042684007529854694
0.006791371539609562,-0.01602363896242265
-0.008697182091188183,-0.0013054977908195536
0.04265813795059442,-0.00464348377752478
-0.027065573896910947,-0.003751433010892481
0.001974848423917442,-0.001375563090404897
0.003296417806051926,-0.005814064862914957
-0.00487733907611162,-0.015552409815521176
-0.013240289732774734,0.0045975356157835654
-0.00900285653503492,0.007220854166756976
-0.01823871317148474,0.009753739270961043
0.06292994363180866,0.010784555802697318
0.007871524609343553,0.00043718232922614075
-0.018102456517524155,0.0067825665516733375
0.00040442427103908464,0.0029540987422683684
-0.011353561176700182,-0.006936269417846763
0.0027941863755629307,-0.008903438856326518
-0.024263327060469297,0.0008166138973679614
-0.004039934418909965,0.000587803292570309
0.0009791209966315564,-0.0095127196099118
-0.022078652132634727,0.018511375396621055
0.016075472940100526,0.012680098134219477
0.020567508653431398,0.004410081781896336
0.023184522570969295,-0.008181143142976327
-0.009999815200181103,0.001692278452961834
0.04006261992694342,-0.020251181785124892
-0.03819228723621611,-0.005104655836925736
-0.009247426107936316,-0.0013888361833120995
0.0008578931127234385,0.008741406938594614
0.014571261918865645,-0.014613719234275296
0.014429474711675064,-0.0016882552108930973
-0.032512611215410984,0.010442238339086678
0.012085528615956144,-0.004287301231876134
-0.023780307560878546,-0.0059003669962763225
-0.017424712016830466,-0.0073830435643865095
-0.021244915532043662,-0.002333477124643905
-0.032251021229951105,-0.0009297495744854571
0.004530807998833648,-0.0014222709629174983
0.024974881991026935,-0.0221139187781
0.0031638550590090513,-0.0000899048764224083
-0.016567446226021135,0.01809041730724437
0.0317764292997956,-0.0001530568903414451
0.01078998002371101,0.011217759981156518
0.009190188874889559,0.00857771332071617
-0.0006655567474452019,0.00004612223951402989
0.0032245393049072564,0.006246964564525103
0.017048644755284146,0.007332623144788592
0.0062174013168083625,0.00023350808761768213
-0.0066911669001589,0.006110279588982049
-0.01130687236967593,-0.01441021111614224
-0.011610193434515635,-0.01156582778143993
0.009073650375081328,-0.018347709853590428
-0.008678381087672667,-0.00832727030408772
-0.05853802215971074,0.006200972218077579
0.004966818333717046,-0.0037249711464974445
-0.015570079333651595,-0.011079600295360086
0.02793304563624839,-0.011011130911170577
-0.0009914875498533149,0.008741362792442713
-0.025142433045997847,-0.005533650087339235
-0.00045253638885016124,-0.007069389241178434
0.04809687369119366,0.018389072297255935
0.032896638195010285,-0.0008581892393319664
0.011289894286916971,-0.027363997974243243
-0.005099409698452802,-0.004903074595529251
-0.003359466002156535,0.01665572812826472
-0.04107438856054994,0.01632790087285601
0.032832025721051476,-0.023819081108675373
0.011999490349219112,0.013350641679427578
-0.010470589494613318,-0.0013660455389348633
0.004204650897644675,0.004638677694542836
0.006350032243886378,0.013470839079329307
0.0014561128108533247,-0.0009553778371973114
0.010593893591611819,0.006885251750655042
0.004590329174910051,-0.00026711779894933663
-0.010844038331606196,0.004506613822586324
0.007032947724678038,-0.010485957826354059
0.007325992884471604,-0.0036916927212447916
0.006966848553193523,-0.0005695887836233296
0.00033748894332964394,-0.0018716686741803124
0.03431164942686331,0.01378175153263604
-0.001957019269026727,-0.000029643154317469506
-0.0017976455144271724,-0.023353592485681356
-0.014602739536996522,-0.012305070097009135
0.0003322633222245082,-0.000547036415826506
0.007506852231732564,-0.0019616767653562856
0.008967228573568185,-0.008694134263083547
-0.009835349707728197,-0.0027038282807972467
-0.008843928023046675,0.012720668907886142
0.04085243594325807,-0.0195828755400476
-0.007613094585391245,0.002203268379177302
-0.0073169493042141275,0.003883300602608508
-0.02509987261815442,0.004167746466569173
-0.0012989427441773235,0.005498738840636497
-0.0028347342341657673,0.010263830168687968
0.0035451934724186653,0.006159334572503213
0.01143095407309196,0.015580570211586715
0.00013184584096614179,0.003405944778791608
-0.00042826085728055565,-0.0024697336986115753
0.005669033407755852,0.004443375103890021
-0.015534846495787612,-0.0020124304596331527
0.006192145434659112,-0.007481025274138531
-0.007014378340585524,0.006022745557451826
0.009296347266981838,0.010103340503077082
0.011587519728794847,-0.0009640797331137152
0.016643886904478215,0.004736586359577347
0.028698015037376345,0.00439015171462842
0.04974103160846527,-0.0013318922430641084
0.02214620662809946,-0.01736029555215228
0.027192145944908222,-0.004125289314835068
-0.0038788338093393377,0.0038422055158737205
-0.027682957651555287,0.01185335753166997
0.00962689746599596,-0.0006561479190562965
0.001999802914272178,0.008244543975540444
0.005669172901454072,0.009884089482085155
0.01694036869125012,0.00020908382743729047
-0.01532892544658394,-0.0007432666411863853
-0.012034722164607561,-0.008601200486173095
-0.009622907669817085,0.012198887691611706
-0.010039406573223364,-0.005061700932414368
-0.00545600496256482,-0.00794547038922521
0.0313655044625872,-0.018840446711441892
-0.0015610694472101652,-0.0028704700394689632
-0.0059932903724768906,0.00456396845388036
0.007981194914663875,0.005582056356499482
0.04820109090901374,0.013185994273346446
0.01075168242413494,0.0011954032319099058
0.0068461943790940095,-0.0030608991632820456
0.032155828516217934,0.005993941652052864
0.06383036819514165,0.0024160033063777373
-0.017565967572203106,-0.0028002981731799353
-0.03272139194177924,-0.0045536279313066015
0.043693781979321736,-0.007418833032368831
-0.003333252753795555,-0.013341379075136404
0.0012479261307887192,0.0007664473528848139
-0.009472381105102384,0.019471412676546625
-0.02592036232042528,-0.004842373519467848
0.01911799972376068,-0.001268092464260794
-0.014982118474977811,0.0033780685944950458
-0.011426775054502089,-0.014408266524589562
-0.019082626571156457,-0.00869484995969073
-0.0024415909048237563,-0.05915098084513259
-0.0007184704810684787,0.009181738378793745
-0.08695409334149037,-0.011274391209092361
-0.003761634341932055,0.020162104638065954
0.00336600462151238,0.0066675471225543384
0.017882184382873263,-0.003830365005164931
0.04035188815278363,-0.02326467596710845
-0.002892479781840104,-0.008842977598256849
-0.020554696970147827,0.013735907736166904
0.007136395228998647,-0.021468770931867616
0.036381353208442935,-0.01257339957959947
-0.011593224039016517,0.017125760483082453
-0.04278882655361363,0.016954456215653745
-0.000285622431058716,-0.0039009540861159927
0.034942827370488476,0.00015404360304868824
-0.003257617133991628,0.010649249236337534
-0.008309139728264588,-0.005481266728063782
0.05099855293676718,0.008947363441922904
-0.01023091736939526,0.010475810818458879
-0.010658973127271158,-0.0006013360301345736
-0.004314852071182803,-0.02069675646183673
-0.026464929350040117,0.004345903097798304
-0.0006719557338452213,0.0028740693529217144
-0.011822371935676554,-0.009252056300438414
-0.010631431113990685,0.006105880011974896
-0.008080543516664828,0.013463733329775537
-0.003957742032752089,0.00025160714371265207
0.0032193418655654805,0.02117998026332083
0.019138429564031674,0.004138299829661292
0.02087833323310852,0.0030050657182715892
-0.00969777084521127,-0.0058759268931250835
-0.004882254360912073,0.007423729605992479
-0.00149448107713074,-0.005629033530207324
0.013469977160743022,-0.0014612582711326968
-0.0016718298478137607,-0.002926853232320899
-0.018560369264320368,0.008830905519977877
-0.0012226933671042857,0.00717041273916489
-0.005324502399172981,0.0044790896316135665
0.01351119829927032,-0.0016192547858630492
0.010280720166870969,-0.001204383570967761
0.019932840009172927,0.005301937657224834
0.013787387263107177,-0.004207172507772362
-0.01078797436602723,-0.003347163887719135
0.04165418589519497,-0.007494345014479706
0.0416152661247402,-0.007275576853003581
-0.0030229750543972716,-0.005664646346349474
-0.007453773965175064,-0.0018597039800940113
0.0019856334459838407,0.0012297399314105412
0.003760214479185946,-0.002543203382345868
0.002024957624406607,-0.010540782311950877
-0.01270593958959031,-0.00014460401005636587
0.002405053738085821,-0.004915531342610652
0.009750083660331307,-0.016657834767500844
-0.008569078328604325,-0.0027109275227670594
-0.025317421885029678,0.005713562175915474
0.00831837857795164,0.003964556479321757
-0.0073935917378626995,-0.01349273722414323
0.005017981409272639,0.014349853565563233
0.004446871358382463,0.0017595620158744893
0.0005954796025420819,-0.0009291362215197783
0.001190187097082303,-0.0022486099945854842
0.012973692459669142,0.006665267167220438
0.006633279084914378,0.007471066168200436
0.0012165634282508002,-0.0009379927250294947
-0.003392001828235695,0.002476280142402585
-0.02354584028338101,-0.002960414875123619
0.03589715833584323,-0.008472731019268112
0.024458212479526106,-0.01045885455198181
-0.006520033905808359,-0.0021203048365810244
-0.008339238509758746,-0.00820301694747153
-0.038588915693175706,-0.011581883576552326
-0.011334854782981843,0.009300466995073847
-0.01892465200630593,-0.009481552438262469
0.02595983669046419,0.0052033203010796785
-0.011468250537811966,0.006647028228073146
0.0025517637571369502,0.006492747683555075
-0.007320811333505433,0.012056689827188504
0.01850332579098709,-0.010504363264078215
0.01533822445937001,0.009340436124764389
-0.017918258831391243,-0.006171472891723509
0.009578006289938889,0.01025546756334553
-0.004331032797559794,-0.0006229876719936056
0.002563375291440299,0.008154139534802306
-0.004752085134060047,0.00047952316952909517
-0.0024912782393620436,-0.004124151898522594
0.0015869910672290453,0.006344796327370573
0.01103869140207384,-0.019512139672656068
0.02137387605788059,-0.0008535036728700931
-0.002062465528602071,-0.005607175987295942
-0.012249272406582632,-0.022309804288851615
-0.006889577929964786,0.004366937601780198
-0.0038282603186826866,-0.004933334146767779
-0.005932308582833676,-0.007079766561497533
0.038063361936434816,0.006937152757246082
-0.028494258453361124,-0.0033851815999878685
0.007255254202190331,-0.013135548583142975
0.015300111021157047,-0.011670091596395106
-0.019396727981097234,0.01144063365528498
-0.02226892869929774,-0.01691978471599055
-0.03862499729421467,-0.004446390333827606
0.009225330657252277,0.020015720358270966
0.001866041558963954,0.001845712216328285
-0.0029692553383821136,0.0002151782872975076
0.024394159017513285,-0.0017612985109744061
0.017258691455278537,0.01870793974576278
-0.016576206551796948,-0.001004767628419061
-0.009722178299282654,-0.013287592878317099
-0.0066697770088417485,-0.012574525347161839
0.001020629147785181,0.005732320372436472
-0.024389012035531912,0.011493800378173945
0.03324911815744403,-0.013599777899510175
0.0011976566793531925,-0.012054527056753143
0.014780999964403518,-0.011304156887409142
-0.038247967688742376,-0.033170737493480415
-0.028001738969247316,0.000659384482627847
0.003026526542354462,0.026070949500593018
-0.051994876605472085,-0.016012982343513327
0.002652490998325555,0.00854115489660559
0.013168296592399077,0.011718420009271747
-0.011401531316003853,0.0026419160844022667
-0.0015553988726734478,0.003300600492320445
0.011639200330558699,-0.01727820021552813
-0.027804374828644306,-0.012778532043773945
-0.02558121722636979,-0.006853134578146838
-0.008863419141204573,0.00848562550833627
0.0000617332203804766,-0.006074212454212504
-0.009653646507709775,0.03366943224472979
0.0008123696782214565,0.020291361056286178
0.0063996117973857455,0.014486656476968274
0.048638332170942454,0.0013042431205768333
0.016387541801388492,-0.0000067188574137201234
-0.024912722580306874,0.0062121760265285726
-0.002805607766974402,-0.006060955439853136
-0.0004489146552207961,0.0032126384476451587
0.0050605661914331895,0.003801470567856101
0.005750257906112329,-0.010366427060189039
-0.024794947205010156,0.005113516540073921
-0.0006378500897622681,0.0018402807134521955
0.010091577036223142,0.012219591933873408
-0.008947024647834152,0.013137204456995545
0.004133896719254176,0.0013823411753253218
-0.0014226275729191935,0.00020740359827417615
0.00009095430861753158,-0.01314065988466275
0.009093343617326353,-0.0023768693473581034
0.036196030615093064,0.01819141700671322
-0.023162150935210797,0.00041365535724182534
-0.010653739356492692,-0.003275883557458525
0.017787465083048487,0.005931505844853027
0.008576221044723144,-0.020054597864443715
0.02083461951358378,0.0014664749992157138
0.0026047654615645377,-0.008917360263988159
-0.0014274922994864463,0.001159485555976693
0.009520757941206883,0.01538009635759225
-0.0009062671427050793,0.004894842333823655
-0.007908852992420475,0.01835528786938803
0.016058040831960326,0.008184244012008537
0.00030944645118557876,0.000006292720984063887
0.023980180655323074,-0.00034115985975556384
0.02767399871611594,-0.0016114660946576285
0.005423173601786611,-0.005601762319742718
-0.018785681547858448,0.013698206844151316
0.0005957010724870731,0.002166364239581508
-0.0034370733521590572,-0.016623003249295658
0.015126445403867055,0.00032492975246100876
0.005671520465575329,-0.0055924869538758306
-0.01979148737591454,-0.007545562041464174
0.017884282629201574,-0.005221401187556519
0.034953452834089384,0.0037565701555860313
0.0035551490320288462,-0.00026498674940206204
-0.027903361999679115,0.01714624218899483
-0.002851866136832363,0.0027650473286063818
-0.007891758330070626,-0.004937968503626312
0.0037369976606232767,0.006567816094887053
-0.011355498774448919,-0.010822236983010889
0.00769317695668578,0.005867010272040192
0.01065077989030093,0.0038164297299875965
-0.013628748285224904,-0.0026106641320533396
-0.0050073123706584535,-0.011022661712956024
-0.0004575668748169288,-0.004329689778799671
0.0010769891181830631,-0.0024065950334483483
-0.0030123647500644194,0.002302441899738898
-0.026248293527459738,0.024009988791500844
0.0007480375024083258,0.016981940750889133
-0.024305908599142154,0.010781136859287752
0.015378041318703399,0.002678807876091663
0.0015648181914402442,-0.00224978932567098
0.02430039430125664,0.0024325800862253664
0.0018795100765491238,0.004767755190470214
-0.010059008506579939,0.0002250421229132562
-0.012138531594538635,-0.002402442641649999
0.029384696605220306,0.0079746363642525
0.0023766333906292967,0.000798360825302368
0.005496225693115803,-0.008394751347686318
0.005761035366639933,-0.004089644253626705
-0.008818441768876707,-0.007276541565709557
-0.010670941212744266,-0.00021576701832846302
-0.015323094507187093,0.012054669875339074
-0.022238779354753567,-0.008023982177439841
0.05759520368660974,0.003617626754291724
0.03895610563564764,0.008359624411871543
0.049848481936838815,-0.0022576450810221256
0.005968854855967273,-0.001970850646528203
-0.02349055066700125,0.008136572328750247
0.0025898765912934696,-0.021987932060813235
0.006234303775949162,0.000754159796020671
-0.011206544693084417,0.004095260133349452
0.03732074403537203,0.00936900915762929
0.05017694444692914,0.010208434909800097
0.006508174920411558,0.00489874923833378
0.046445942916978115,0.005085111455243503
0.010225928506072533,-0.004151385092104592
0.014300391107044013,0.00023395005420852064
-0.0012952441082904242,-0.001763057281886852
-0.015775515390275014,0.017385163471969063
0.003953240204347233,0.006276575248392213
-0.007638476522278635,-0.00018187958473041228
0.023026283698694573,0.005340689007570867
0.029650692558475224,-0.002755354232341014
-0.027685074189938645,-0.0038284349758917397
0.015009405532455429,0.002332860430511516
0.013723768948048727,0.004373522445531432
0.012488590730445812,-0.006508402849079252
0.015362484043169035,0.003654550173197468
0.022354656560261456,0.011058187824152714
0.02133738466802524,-0.00521095666944769
-0.0033924322636046697,0.0029275331733146937
0.00003837484055159695,0.005861324675939357
0.04427016957830866,-0.0032078055947200824
-0.037163231686080364,-0.00022575620767487868
0.019471032309693374,-0.001580424394947531
0.02208201255959596,-0.009051569479042407
0.038492585954078465,0.0007314347573089042
-0.03628799379255312,0.01544254985183607
-0.029566048872200684,0.0032475791308681904
0.008731773372833025,-0.0037995959851966467
0.00041216459167115973,-0.01186301328032719
-0.010356841705522837,0.00196501421328425
-0.014118044059618631,0.005865750912925489
0.03484020798717387,-0.002140571985977696
0.024132911178240717,0.005704998940460019
0.003731196199958881,-0.0007320910846569374
-0.007452655542458065,-0.0043556517667147614
-0.012144504910945899,0.00039971698761896864
-0.001877279206151305,0.002050390010159427
-0.004720285758317582,-0.0067164851288065985
0.007076997009882916,-0.002287003276696683
-0.013097906593127298,0.004071179613286467
0.0108112000948079,0.015904758191865594
-0.008537948280613961,0.004786014726232414
0.04454570047648269,-0.0013145391345137933
0.00281315655777064,0.003988762906827475
0.010156754076465699,0.015136765147483229
0.04317112903988412,-0.002801051660516668
0.02131576093423816,0.0038741868080146374
0.007242787329761778,-0.009583893325886687
0.006879564837363156,-0.017041355033657894
-0.0052545422503975075,0.00126210478836603
0.023566149620915675,0.0018277675973067296
-0.03035725002062897,0.00426646743020759
-0.030154231133791353,0.0032518531946984326
-0.01342209996250058,-0.003689659706342021
0.021612573399857834,0.00014243552733140863
-0.023970453917593774,0.010288054776023061
0.023816528401096933,-0.004048558402982818
0.044601824201203503,-0.012285499419204147
0.025434366738415478,-0.0019086689142205743
0.02496100913368264,0.004450748674510391
0.012430061274135007,-0.017598369852894074
-0.002321848435689593,0.0023163557107521277
-0.004365708344436564,0.014742422584174512
-0.011611442576036643,0.003553493710236147
-0.039865209650777333,-0.002873732901862805
-0.011639830039726422,-0.0039341932688122866
0.0407551887701069,-0.001372079644477075
0.001627709190483156,0.0012877341454543584
-0.014125715536376598,-0.01555325636515763
0.001521611770562339,0.0011723284898410625
-0.0030383677811192575,-0.007339748483137026
-0.009508532883705335,0.018485046802068767
-0.0007371448752638007,-0.0021665127683992607
0.018395468732707358,0.00465415387508778
0.006945110872694533,-0.0007300027260003669
0.04035021000484627,0.001829092246872141
0.010583300898237712,-0.0020266954804876894
-0.007110560271088564,-0.008750107199874756
-0.018547842341288475,0
-0.016623941728146057,0.002640666260410319
0.008584469727509857,-0.0013602685806899746
0.024425818592397442,-0.013012606868569773
-0.017999122230601176,-0.0034120043457834814
0.03523511250445021,-0.006034236362420916
0.02237529289818704,0.007505534904402023
-0.024964561710132286,0.005472487635960138
-0.007353526025844034,-0.013056610840463235
-0.04511986003692496,0.01111835863377609
-0.01728342516298782,-0.026912611207225105
-0.02209178088824202,-0.022642577343551074
-0.012890466890684195,0.00038847164676942804
0.018796777243755412,-0.0039018076110289455
-0.021880833885144103,-0.0007240263688284356
-0.06419908015364652,-0.017958657712940335
0.034160207022229154,0.00923177991137523
-0.002154288136289077,0.0038738863520997513
0.008584137663289462,-0.008439844976008543
-0.0331271504615415,0.01868053543405934
0.019626104138069825,0.001552826159102025
0.010201458752642268,0.0018764842909221795
0.006243283237680909,0.010114048376801781
0.007018117521176019,-0.00384213131497365
-0.009511217788412575,-0.012950308307977521
-0.001291688648508827,0.005187490232423325
0.017664590994274514,0.0017714780255266935
-0.01695657816946061,-0.005047198872012176
0.013047195575489152,0.017871996283044464
0.0181351503166636,0.0018067979539408642
-0.010769660498390399,-0.011008587163736538
-0.013937966634951234,0.006241739023980519
0.012917531743939554,-0.004786009259927512
0.0005841848205337863,-0.003525850608614729
-0.007306776764781135,-0.0017354178313786048
-0.033761817786864906,-0.004312342499689005
-0.03445462125102987,-0.0027084461720646383
-0.023417139586026307,-0.002610622742730066
0.04391778583275465,-0.010196830410527049
-0.03427812673258018,0.0008334150365737285
-0.013960072865508232,-0.00970478665122249
-0.012895787477727277,0.015755710555432605
-0.041279745471815406,0.00024897763254638045
0.027567488988845583,0.008556475747707223
-0.000973030618502942,0.010143603584323833
0.04801637501649841,-0.0007696016455412999
0.020848923582082103,0.001558774986246103
0.025510984074177262,-0.00021361652781592359
0.007886016090275545,0.010170295464257439
0.01893007939025312,-0.0036259035397340025
0.022714611352779236,-0.0009401004613551505
-0.018497298655610003,0.0063804621443762895
0.019453828993912337,0.011105709811347026
-0.013218770118887918,0.003167988492696476
0.004733905218945374,-0.0008148474927566129
0.0058477061729881995,0.0014821045051102203
0.002773871923413645,-0.0017592009013699048
0.00003321447681325728,0.0022624434389140274
0.0003313236542001754,0.0021503634311513344
-0.002318173480778863,-0.010165855055049652
0.0023565959076417005,0.005048344239240397
0.008924746629705816,0.010045856521480136
0.03548168239314887,0.014977960537141241
-0.028766152368414608,0.004475313126616489
-0.00017956780184908547,-0.0009836539852451903
0.02133225562659026,-0.008276643595609676
0.013071974601493402,0.01811647641511354
-0.00009458168818284352,0.0020478188471506143
0.011374330940997818,0.0007671173827173987
0.01260361758115207,0.006875638078155315
0.02543244551861105,-0.0037211469910548925
0.04016952926813876,0.00008553539644850224
-0.012174728554640602,0.0010663168995421913
0.08830524147940254,0.0017257601983538123
-0.008248284905990116,0.0013077767517119328
-0.007653230051019547,-0.0014480326951427163
-0.02347802367849541,-0.00768850147279539
0.015082402041294164,0.006109070089370626
0.001735247767466293,0.004978377192982392
-0.012193326424803586,0.0065180179250015876
0.009866604487389163,0.00322657597202665
0.011809838112604098,0.0021386510590334367
0.0038951717295217904,0.0014114203640833236
-0.011870739567802688,-0.004787717993176415
-0.004846647389750019,-0.0019221268138954813
0.034794838450752534,0.007455313180213886
0.02586528705254192,-0.005147645375907286
-0.0027553008826191865,-0.0002472198657265024
0.020213202416862586,0.00740657725377002
0.0024782694583417204,-0.0018463653660096254
-0.01232213848798388,-0.0025260799843858078
-0.029351093469820858,0.00030256659446678454
0.01487353236431681,0.0008457270079534625
-0.003300408882530373,0.017062996829978434
0.007082549391319112,-0.0002421255639924551
-0.00709801951899532,0.007584139604493891
0.005571744753356704,0.0006936659345113193
0.02749581646396151,-0.0036244558388620874
0.0018822933736567877,-0.00058613971185912
0.025744949719145663,-0.009981889491859953
-0.01756173948791152,0.006184587566954753
-0.0008313490168777282,0.0023882323350213775
0.023110002271556292,-0.00689501592007033
0.012421627682880592,0.006146863397311586
0.009895670313858166,0.004724859454261998
-0.004616065288865411,0.0032754648656701905
-0.020475477097891808,0
0.011360302365857585,0.006987285352227909
-0.006869117526450583,0.0029553178667685357
-0.0005046340683732215,-0.0003454014090379354
0.00930894843828616,-0.0068722449009022
-0.00003657470762906636,-0.0018318178747383327
0.007454412852142142,0.006050221241765454
0.012001158930277978,-0.003632110533723131
0.011451867102627293,-0.005720723085849098
0.03473559048420834,-0.0012567207506513688
0.00042307911680137427,-0.0037365459858662927
0.02928094781514421,-0.00018125905988664934
0.02419525285474507,0.003614037567968278
-0.025683464871700385,-0.00186068903205536
-0.02760691859426083,0.010806610059281936
-0.006717199659869923,0.0096170419805573
0.0035368758209175888,0.004862141050555213
-0.011789993333410438,-0.0010371443517084862
0.015729484992283486,-0.0040783528850813445
0.034905893085774915,0.0010479307618022793
0.002176939723664099,-0.00019858812071612064
-0.0020839807235288554,0.005149318348561011
0.011249283658950107,-0.007970232896039231
-0.0020763246509843195,0.003096292053436825
-0.0007118277038501139,0.0003006000674912884
0.001468507161343824,0.009708238277520936
-0.0308999202019268,0.001605198761920255
-0.0016822995100535976,-0.0022817964751886545
-0.009613330626734376,0.0047335891403128055
0.002969148865586758,0.00707747752691332
0.02376194356006627,0.0014192225814081841
-0.022298497870371237,-0.010109419730729922
0.03535387644824332,-0.00016435783295424915
0.0036366864188928445,0.0010977639316046082
-0.017679395328766962,-0.005520049691415335
-0.03738787686350503,-0.002727485170549369
-0.034521684206426005,0.015939255504019985
-0.049329797765902635,0.008974958227082813
0.0047550453964158084,0.001021436191324737
-0.007305952949130117,0.00204576968007011
0.010913204153871224,-0.00034285291955020024
0.0025642428010940444,-0.0005353141223852637
-0.002320679727098169,0.003889351454408298
0.03913151443683852,0.0022374899259336805
0.009026445184163474,-0.0039223594106153
0.0032442415237948575,0.0027757167746371844
0.02382541933921854,-0.001722947291086086
-0.0002437477177047052,0.0021767861307626524
-0.014089235460101915,-0.005362874253355135
0.0023679351004404804,-0.000987895638048834
0.006076398269417493,0.0011710332721404399
-0.008831585238069664,-0.004169261694797579
-0.02110952542735932,0.0010440538735536466
0.005827794353432103,0.007248606485518772
-0.011599881880700913,-0.0004193408350743225
-0.007266643440006567,-0.0020614690008804288
0.02471698455437567,-0.00037365150578169335
0.01017940690832059,-0.005716490654205666
0.00517392513267391,-0.006637089771306139
0.0009377794730773457,-0.002118551440549825
-0.011339055566803254,0.0013538373765310978
-0.0281281279889189,0.0017677405215838404
-0.01590942276485441,0.009883477941745098
0.01786396428430997,-0.00017682735309406547
-0.0022880832528972468,0.0025277276786230657
0.004867301830941683,0.0038339625528221893
0.0029136925739668014,-0.0009044348498240016
0.0004840072771583374,0.010888907501017708
0.004004619039312721,0.0015351472256670171
0.0009646299976827193,0.003070677607286122
-0.008575214200779863,0.007701693036069378
-0.0031344116231917006,-0.0005409167175025423
0.004923357448118104,0.002994086510257727
0.025732315672471286,-0.008955249094007802
0.031979292164018104,0.007372352626897086
0.008099392511959742,-0.002656653303037664
0.010545655304454064,0.004248852544592556
-0.006016181537197657,0.005158759587504018
0.03279743512173161,-0.00018568248589227856
0.025150654491713855,0.005630017020121677
0.04938775650921701,-0.000010037272640569957
0.008054326959500781,-0.0006037403251030229
0.0017273108485984883,0.006250897199061291
-0.0006151006166188967,0.003726348002230515
-0.004237720775663603,-0.003277462761617082
-0.001651796240486791,-0.0067301105986211675
0.01330619348435233,0.005267809234949733
0.015104576548513623,-0.0008940633842600413
-0.01280766325795935,-0.007840056271240896
0.022529318839354603,-0.007065154895020339
0.03775131191980497,-0.008861461814179945
0.0235299372507378,-0.011145357297421088
-0.017844497691606554,0.008583287440142903
-0.04014165216889424,0.010531736790032036
-0.018967568472999498,0.0006921671703364812
-0.0065178289288321655,-0.006739598790892392
0.04608375078415861,-0.008442350488852685
0.02580412032386678,0.0011482258119665657
-0.00977247834285196,0.008903768526732678
0.0009519176084851073,0.00046179193098204116
-0.0174498653814389,0.005655850493087774
0.0034024161849645984,-0.011777701789267597
0.022293939124807864,0.00901900130753762
0.028955663983297773,0.0033891787741118433
0.013030641909000449,0.005696770261099914
-0.024211197270115357,-0.006170875399741955
0.008579902967853005,0.0039696542923713645
0.0024045442163373827,-0.0036172905784277185
-0.0013721760610445116,0.0013815973589266345
-0.021481920807406588,0.0004934001155179708
0.003468293434170518,0.007171760518429477
0.011165816074151035,0.008694739847592264
0.030726880160472474,-0.001362323604742024
-0.005165513935778434,0.000724236815811005
0.024764250479834878,-0.00011889239648312007
-0.00948842161879908,0.006712596166942917
0.007827353349462988,-0.0005466114007719135
-0.007469490398822101,-0.0006306369635843882
-0.0010650441094868098,-0.001898206737864973
-0.008476455486827822,-0.015560319004483058
0.004407785735616092,-0.009212875677187192
-0.008555693712306895,-0.00011137988407818783
-0.02081058818017224,-0.013751709466646406
-0.046415672210599966,0.003410132244562508
-0.023137959492452117,0.0020114151068206304
0.011720659371983865,0.0072431597809773296
-0.019176077271592706,0.005618985851209414
-0.005442311955966415,-0.002642507233232756
0.021948075889353193,0.009202422786162748
0.03317523229092868,0.000906821329616161
-0.009567376919070367,0.00282319609560749
-0.0029955154390459877,-0.0032095991652228394
0.00746378545528171,0.011177047830655042
0.0014817164695212362,0.0070371426702104676
0.005248911202655662,0.006235526976075083
-0.006083979242667906,0.00035193460340582713
0.017156459299125355,-0.0023059949033705797
-0.003134234652825784,-0.006297203705461183
-0.0038974843832334416,0.0037746623943295723
0.00045769540457562104,0.0022435863930248072
-0.007784745574623607,0.008586597204334037
-0.0016837114939292663,0.004706027656694714
-0.0035431762532564873,-0.002006032636085984
-0.006525084726800852,0.003933002431187558
-0.04869776582232301,-0.0027355785783121406
-0.003001816410027538,0.010178726494050255
0.010427502277226062,-0.0015995584502657503
-0.007767304255105296,0.0027533328079138893
0.0031032320121768603,-0.00006698780196121174
0.002444990637731887,-0.009725542188699816
-0.00805358832599552,-0.004540996819274236
0.010126151040177467,0.0005629161742245145
-0.004570147904238266,0.0012416201215135066
-0.005709051868410765,-0.009378235279870244
0.008371804250863818,-0.0037506872160609655
-0.0031756651469971482,-0.006729409481521662
0.004134545300097493,0.009557196477173653
-0.005788352894273685,0.006740214885337312
0.0032110879555643014,0.001473257475453257
-0.022285853223681158,0.0027333792936036602
0.01674605628644438,0.0014911947843431978
0.029088674511256133,0.0006236707616774808
0.008538445543001375,0.003957018963642886
0.006310994873928927,0.0009480167676061646
-0.00573346899851527,-0.002817411381772153
-0.008258719116098236,-0.0008630640534220068
0.005259474620090067,-0.013005125078028217
-0.001695547848854778,-0.010242946247381549
0.017149099246947238,0.0005878588898904103
0.01248048146436455,-0.0009380168349337217
-0.017245979943020785,-0.007328380895905981
-0.02210341585545272,0.012206230001735319
-0.008247049061111747,0.009732773471573539
-0.010510591652063386,0.005513494795725193
-0.007794311006863034,-0.007953654484245131
0.02126041146019806,-0.004609325859715365
0.010827890800110958,0.005802972528993617
-0.003668308525178391,0.007915489810579464
0.0006659395199395561,0.005371011056540778
-0.010480132265005694,0.007166425219588431
0.01188652171504312,-0.0018158880301267677
0.010574209370817008,-0.0003734503289202441
0.0077846801382774914,0.005047765960659665
0.013223035200757162,0.003669112741827885
0.006288607014516807,-0.003869344347908655
0.007651364551008667,-0.0012248514167241906
0.013972642619377145,0.005039159376852848
-0.004531975499846133,-0.008403999574501228
-0.014296085971387202,0.00009576525836001497
-0.003858225251261447,0.005898537691540293
-0.014201557541438446,0.005145247979742211
-0.011194240494569152,0.006132296830771889
-0.013679875820007067,0.0012613794280600433
-0.0003233424911900192,-0.0004512362508226649
-0.007236241564157079,0.0017870242887262414
0.012770403879991865,0.0028212595234103936
0.018343278369382123,0.005645388882387401
-0.012420446393410667,-0.0038262271950495305
0.00836831904657212,0.008233261998640126
-0.010222124651365697,0.0026370726836362044
-0.017313072213982893,0.007183156143108007
-0.009283569252053061,0.006562824005014843
-0.010687845462619763,0.010714741465325429
0.0016340916752156747,0.00020749388367620112
-0.008519766403538664,-0.0014747979433519126
0.010248550615470158,0.005487978198017869
0.015765149833605593,-0.007254905229873765
-0.007295033849166095,-0.0019865053848098614
-0.000029830920099635273,-0.0009793347483275448
-0.01623318414503641,-0.02326432761728922
-0.004186108505652812,-0.00874020067734858
-0.007481027745432692,-0.015778280043488628
-0.012982803162516,-0.0020527040220989865
0.04697283944798165,0.009559251299373824
-0.020373457599273778,-0.011525115180303674
-0.0035962889784092915,0.008110971202904506
-0.0027245954830560676,-0.003686008681420271
0.021907844460952522,0.004247217699776628
0.0090183988523492,-0.008837910957280315
0.000415174086022524,-0.007070158849567073
0.034807006776172385,-0.001734371321551991
-0.008872334244946793,0.0035760982785722835
-0.01130267809398483,-0.0014186170374732836
-0.014053715861818722,0.010435590733901873
-0.01136762628148188,0.008726467003591403
0.002709619383427175,-0.002674182246605744
-0.008146571008323033,-0.00582229054567677
-0.004343087497314137,-0.003287953347498707
0.013691854831647868,-0.009513929416249454
0.034524350262325885,-0.010580287785450272
-0.013787997245507121,-0.009273829792423903
-0.013599899963536327,0.00871069983434061
-0.01035301472221241,-0.0015426456433022308
0.007610944662609321,0.019023529964669286
-0.011275596083479587,0.0005228875003428022
-0.029012309629660893,-0.0015296298111658105
0.0058828779825927545,-0.004874698450553516
0.020895741372076605,-0.015926409732359106
0.014860357038374596,-0.009896900598834687
0.01157725221251513,0.0029818569977957056
0.002589068630454416,0.003052086424344714
-0.015083249372264492,-0.003988084980675021
-0.004598330187412348,-0.011537625250253288
-0.00955832824854541,0.013262644974391596
0.02365288277634369,0.005281003483528563
0.009968794418498858,-0.00691763056338776
-0.002270184973871438,0.009699675495621387
0.0013379022395635606,0.003251159503488109
0.004749633932048481,-0.01138112347486572
0.020947269860473645,0.019425574861184965
-0.016619515742000997,0.0006246126938978759
0.018534215431576937,0.004621743176514755
0.02168058878853874,0.0022063415204684198
-0.028439544008767734,0.0014324199091543365
0.04117781860296516,0.003983815001829881
0.007421144780346561,0.0020986665756592524
0.014049352659939935,0.004556037037655712
-0.026684453606703226,0.0019329325823936058
0.0013487382469708255,-0.002132964211078821
0.00010137537705732714,0.0037145037389656643
-0.019176401338704723,-0.00011831183425735649
0.013043687337307899,0.0019547796887942614
0.007417144466997741,0.0028011572779359393
-0.009997952173475502,-0.004126470448903828
0.002485302950330342,0.0044699661653644866
-0.01835599600940821,0.007016519555193987
0.0014472379579167245,0.004400344251102595
0.025245370175426933,-0.0019833417081575825
0.0012252827972330802,-0.0035826872127588793
-0.017490727844317922,-0.005749288390329105
0.01797999874380992,0.0091587596826219
0.00871177132454721,0.00021462460921099663
-0.008335510447920892,0.0022299716755018284
-0.006409920959683558,-0.0023413788815292835
-0.009996220038465656,0.00839357737282794
0.00995684152939031,0.000009217600518142053
-0.011219456301393396,-0.00043954621910897285
0.0016477068855676217,-0.005624036826411621
-0.020852369682170538,-0.005437004787259393
0.02052330742748091,-0.008078464094686344
0.007670058622187905,-0.0075214400236532945
0.0020513744835261097,0.0019017372007999241
-0.014506566347878091,-0.010093348769665101
0.04700888281218624,0.008005484295554692
0.02882781503458446,0.008683858280906245
-0.001352550649621895,0.007873532852370987
0.04364694811133566,-0.005178444235746049
-0.030434719611429444,-0.0017821560887599135
0.0062779966168709815,0.011475105350331626
0.042101630568207773,-0.0037210907586775507
-0.010268991491043588,-0.006329369190378404
-0.020218481526868382,-0.0033259265183233104
0.012058659304847799,0.008637657036038738
0.01399597567091499,0.007833594637624694
-0.02648842880840339,-0.00006493288436226805
-0.02272108686367589,0.0017923882463645455
0.0038966172283869597,0.00518213294430524
0.024917926691201478,0.0012773939045715504
0.016822337368960848,-0.004481139674465624
0.0018705669745154047,0.0008928891122494631
0.007211030610837518,-0.0016501280004043754
0.0015817690504415735,-0.008277838417048105
-0.0006169266133181837,0.005751355811355261
-0.007703910024240845,-0.0028731950321348476
-0.008112116523694219,0.007517852262055319
0.002784694522878131,-0.005488840830416973
-0.013768051187605811,0.0006225524741569893
0.005808871558247322,-0.009076853461974914
0.007398092016065763,-0.00771227552075772
0.030868409037281545,0.011823498183147334
-0.00175660724220182,-0.0053199930010172074
-0.013185923777010049,0.003997314588074844
-0.017955850045351617,0.006542116977595527
-0.02127173728869374,-0.0018709913063551275
-0.004599833464394508,0.0021303183794972626
-0.007352626868547021,0.007449420253579769
0.01850046222390825,0.008693492671040658
0.025088246617887888,0.00009589714311817436
0.00628414758116109,0.00684128050015456
-0.0017218962423638817,-0.0003900691198549234
0.010918452778084979,-0.007446367341197227
0.012261716922840242,0.006510119690673989
-0.013798757284155472,-0.00250722066818129
0.0240503561901146,-0.002126560348135818
0.010085807062039692,0.0048462268200553495
-0.012111753797992007,0.006770975881074414
0.01571739277524797,0.004470088184217094
0.0030964530333811315,-0.00020655182986315096
-0.010807969789460399,0.003171021379806004
0.0582906273453368,0.009944194379070662
0.038888394270846546,0.0036530344797496605
-0.01377996264417778,0.003264280878675648
0.01783901694436044,-0.0009069519658346046
0.012346246811433712,-0.008945726164782463
-0.015365344421233506,0.010324829291580502
-0.0045256492022192245,0.002314960252785131
0.011811408110404324,0.00020642569930061507
0.0018417249820040621,0.005316305786209126
-0.012417494440201782,0.0018078777292575819
0.005765381489018668,-0.003591777248262431
-0.0034711162988668156,-0.006452600726190997
0.010861341820810146,0.006987615084868838
0.008206806119926375,-0.004376857369587782
0.003332555956410986,0.0075274321527100604
0.0012367936616483445,0.00706143887714404
-0.019537415172487065,0.0016577912437510073
0.024080503456914225,0.001024087115142757
-0.005159789958517611,-0.0022145336815523687
0.003017240664828944,0.011668203489681613
-0.004755317928524319,0.00398135462465455
0.007503276560376476,-0.003969809600885914
-0.0034426904187491894,-0.0012915419646335408
-0.005844511355809626,0.0003168839117059048
-0.0029075504052458595,-0.008402927100723488
-0.008349684886465559,-0.005357272236578505
-0.00041605724386857107,-0.0037628890493259758
-0.005546349238431582,0.0052235296795137606
-0.026277440005686947,0.004524544568768579
-0.014063787142305259,-0.013029485040382703
-0.02174993528269781,-0.013166488764299135
-0.0007913212083019792,0.007300145293466285
0.006804454177081743,0.012779338869827917
0.008064507701515282,-0.011936414270938974
-0.03827970855861386,-0.008687975214783178
0.00231582179490279,-0.003949922284933079
0.007984791049770306,-0.00812241056827855
0.04626571522132444,-0.015767535618395015
-0.023801579308527908,0.00912247264093899
-0.0034122254399716707,-0.0012333816509966207
-0.033021416648542135,-0.006898080416746754
-0.008293530719302512,-0.004290539402253108
-0.03068042430908929,0.007122269309639335
0.019447428835660006,-0.013630607140958711
0.004348749104544981,-0.02385283079685953
-0.03746455616989124,-0.026681114229780475
0.0044150079704865204,0.003063031312844521
-0.02070361518093155,-0.004541918609106501
-0.02199147959472364,0.01544015444383128
-0.020929908141152226,-0.02155325746462931
-0.04553374957231709,0.023239641896551318
0.003701874001551334,0.0038195273334924802
0.0062181377053468646,0.006872770511296076
0.09806414351405306,-0.012442446916554436
-0.06198107100149275,-0.014302046074340862
0.03961902268224029,-0.005658225667373217
-0.030841689443320452,-0.00960934969864079
0.004055615256767303,0.007682243806877625
-0.04893851762128219,-0.009765481796620876
0.007239455582476011,-0.009372970236204042
-0.031185418349314202,0.022018904287138513
-0.01570418187093562,-0.005116572966677111
0.04328768149308839,0.018453797929382787
-0.004414473162994496,-0.0005920522818728341
0.005877889437262057,0.016622573845593007
0.001972527985783895,-0.0027480337344830854
-0.003456691621624161,0.0005701254275940707
0.0025041518300686775,0.006495763532763599
-0.003358198967998999,-0.0012454888958956744
0.025768012131631175,-0.009730567023191495
0.008017672384246104,0.00956858274849594
0.003842346645495108,-0.0005858908575477974
0.0066535491918417585,0.0038198983317208816
0.013005881735914434,0.00616952525418397
-0.026712679155721855,0.007601448061233807
0.004072755455448183,-0.009959695460144578
0.0010678273887813566,-0.005269269434333533
0.003487196454045438,-0.006915043920911578
0.017607301410009105,0.009675313843303897
0.00531990520615362,0.005362889006221583
-0.006531730933449114,0.0040475033295768416
0.02872442560298424,0.012102936914967161
-0.02202692764637726,0.0016622431476651955
0.0025947857666445097,0.0006435745971912566
0.024826174447826952,-0.0013092913747559435
-0.010526606236411025,-0.007967211923271475
0.03305012240443878,-0.01685539079713227
-0.002728493216086776,0.008730166689013325
0.0008257281498781383,-0.019193543503304874
0.011818096060938772,0.0057873364360352675
-0.027626773636130083,0.017863923921175476
-0.03981363509758068,0.005024419047042594
0.032183432882836156,0.0012880809749048342
-0.026658555254041656,0.007671999635887452
0.023393200710264923,0.0018690242992666004
0.027775264049770976,0.005371823308518564
0.028452112355279748,-0.0014223747203279127
0.0029629635507003745,-0.018052009860532826
-0.014544401085929208,-0.008415473312255905
0.010652535215236266,0.0062221231303042435
0.04108797771848474,0.0046552563004656254
-0.0000780515405680321,0.007430618509788473
-0.007002448781640906,0.0002439635636473583
-0.013466724768515334,-0.0064487446525228346
0.026233316618211506,-0.01114199675700718
-0.0052802650378828845,0.005162885989364876
0.01527700681486704,0.004143633014306237
-0.003990493399881137,0.002817595994666026
0.006947696322334235,0.004906430487124518
-0.02115165232133073,-0.0030907706291116058
-0.00010962399963315768,-0.002462612826238171
0.004253295645696813,-0.005312723906776338
-0.0005148298518977919,0.013895116731774015
0.005603117328016762,0.00032149025067817425
-0.006821322758626967,0.0013682258762349794
-0.004242717697707224,0.0001604738994154367
-0.00004716917096615577,0.005033433635738063
-0.000447322896719494,-0.0035668807173134813
0.022123540005816573,-0.008354123274816324
-0.006889695059428509,0.0016894991460093647
-0.016373119774495026,-0.006382606242759791
-0.017156817348475933,-0.011038398049941387
0.021544300946792574,-0.0008769466134493556
0.007988084468734514,-0.00003758753989611263
0.008950196661470861,0.016818790551415636
-0.013221565005965224,0.00578898331560987
-0.013383156977353053,0.00170738084426439
-0.042813908165326625,0.0020252111159476094
0.03010294034147928,0.011715428403976194
0.002270275093361192,0.000628268590985511
-0.024859273111080445,-0.01136473300881308
0.0008291120951530275,-0.005007474866854972
-0.014392475734595157,-0.005271418430090481
0.0013145819704155621,-0.007879921056080567
0.03183424290014821,-0.0020146398334998723
0.007159458168956412,-0.007781338533184081
-0.011258392739407024,-0.0034395979035781988
-0.013982679701906664,0.01236290718634653
0.000024611106439187358,0.005067268627448897
-0.009973024646574772,0.00016689574601043915
-0.0016816271945546632,0.008196079079985708
-0.02328460744534813,-0.004117590978562637
0.014375156482323051,-0.0026440818899684635
0.004807615952646546,-0.001309414988856755
0.028449001819140538,0.006578642575862868
0.004303614901843912,0.011409785060063453
0.02225757988564563,0.0059658791445535465
0.018804588381295322,0.0004704786030941204
-0.005083122003638029,-0.002061801160011429
0.00663571451354727,0.012020354070723457
-0.003381138390198495,0.011922438766415107
0.016015528756480085,0.003583690164165042
0.009994316531127262,0.00013664617937976238
-0.001611413468864012,0.007369987437462747
0.002796158331900802,0.0030936427105038283
0.02518528760163232,0.006124495190722754
0.011395132505427763,-0.0009842339509684907
0.0054366307662740984,-0.005568018631802073
0.004914282208385545,-0.008959699962967095
-0.0005986176592138968,0.011361384503599973
0.005203566204648679,-0.0033266009187294158
0.0016728165382655818,0.010917400279973056
-0.003175264408615236,0.008569610198790035
0.0009418662389694784,0.0037748943605823743
-0.006149336700760367,-0.005912133218725315
0.010206401600682776,-0.003946272460010978
-0.0010732653626578767,0.005858785997585731
-0.003982685801201772,-0.005267483483685651
0.029665356641518214,0.0058124175966219405
0.01687441097771981,-0.007509489716636975
0.01675222442909369,0.0010704479513983572
-0.011213854725998661,0.004031319185090256
0.010828647274511083,0.004027965009890281
-0.006833075988093745,0.00828040077750946
0.004348595656233456,-0.0029142395628669214
0.00597621263915063,-0.01347335209991985
0.018785496309901274,-0.0015955909664435836
-0.003424670812597433,0.012975193172479386
-0.0036753873224458712,-0.007193373544990007
0.009295419260343005,0.009693568163151593
-0.001029216039288312,-0.0005529726350287479
-0.012996677824928403,-0.001991836095315826
0.0029841834353948483,-0.0010661208128105077
0.01906587955526271,-0.00973339879186322
0.004130684658246743,-0.008652133727070833
0.00674757176690721,-0.012041345402541044
-0.026006178076562882,-0.005075103898954447
0.0077654865560131785,-0.0020261746257209394
0.005983731323409026,-0.011588025913934095
0.005738338409342926,0.006624352691477601
-0.01382374667224983,-0.005796606778739688
-0.028590521571743542,0.008971910907950104
0.01654687889825857,0.013329435218527075
-0.011195420362313803,0.03691540793300607
-0.004923022302424836,-0.010073374336863077
0.002497535090906805,0.0024596921163267307
0.01208308012482574,-0.0068879933645441555
0.021831843616511738,0.016046066804959364
0.0492947255409709,0.006809330608120469
0.030282897504377855,0.00033543680161009665
-0.006023091077568981,-0.005671205281358122
0.004416368979152988,0.0071494872135216304
-0.02532979654511652,-0.0019337663337070789
0.01727136435807302,0.013901936008434918
0.007526017437425025,-0.005534114600302063
-0.01028853575909273,-0.01479833335928518
0.0003936870348001182,0.0022712730343008507
0.011701089407213117,0.004384747953140469
-0.004734419152388203,0.00359812871919735
0.019559096352009538,-0.004964181648728926
-0.004222403572469784,0.0006592875869835551
-0.022573469333284107,-0.007617057293467871
0.00949508855233793,-0.012784030044823817
0.012447575030491239,0.001657758797948396
-0.004069931400016854,-0.000004259504768480251
-0.003028966158187196,0.012000205072934467
0.005669746679796107,-0.009098433452363403
-0.006897825546542465,-0.002085381463250687
-0.013825005670412482,0.008273735263297778
0.015385554144607311,0.004331778554874171
0.0013035950562953222,-0.0005064338277721914
0.01948040802271207,-0.00445044785907134
-0.003017336622763602,0.006510389269441194
-0.004503947884086699,0.003767209535903187
-0.00101748180448415,0.0005415640330551483
0.007710148267757958,0.0025174649128327773
0.003971196246893563,-0.011350334609831068
0.009563157644338974,-0.021382403208905495
-0.0004224044997774465,-0.00023352482922441194
-0.005421772017618178,-0.004932545113431875
-0.0052391152208603195,0.007305046321911829
0.012704052186160381,-0.0026245921985348867
-0.011970765782804576,0.003103190651374101
-0.09985359441074793,0.006407297199242852
0.03455139002508243,0.0021350634363414196
-0.02510373073539839,-0.007751838288769994
-0.0013061835038493742,-0.015318782090530716
0.010463390402266843,-0.006397075114390235
-0.0014561737669919613,-0.0013352831549719069
0.021680036766799027,-0.005273121290780029
-0.0034446875123197228,-0.001698954009102854
-0.0008784546661909588,0.0028571800843127317
-0.03584510787635639,-0.008427603980862427
-0.053381070838268055,-0.009276785484631745
0.0011029659279023164,0.0029407697379525413
-0.014650695618977121,-0.0124123043712898
-0.04005492331494304,0.0015801102003642352
0.06645246676015222,-0.012252952282018068
-0.015505364583938426,0.007884888799652693
-0.00601050227298596,-0.008471673555134382
0.0027974043665682014,0.016300511261572413
-0.002233098507982107,0.00699755617297066
-0.0025839896670766934,-0.01654424518753928
-0.010865421378824574,0.009477595216506133
0.015657794340745646,0.0016682158004420525
0.007905447466584566,0.0005521986372778295
0.01929412304725095,-0.0033382234956073
0.02929166944770798,-0.00892255604974137
-0.05528383212761397,-0.01624282989288414
0.045992828885362234,0.008192639025367316
0.003263513871432852,0.021100066784158426
-0.008434759966363144,0.004295591066552767
-0.01904661172140551,-0.00533526652296001
-0.012478966261150337,-0.008853785811551166
-0.05296785770861135,0.006845829151622362
0.017325886192504504,-0.0204431188624044
0.044476013736545056,0.004329545403409671
-0.008941945027271124,0.0002996869316319196
-0.012706070370331269,0.009061643863416652
-0.007973381187461567,0.005193547437584882
0.020014747966904917,0.002967394546403392
-0.013097746053225699,-0.004793568966289867
-0.0004553674851762204,0.00847694409536909
-0.003139703665510466,-0.006536749830773866
0.024974829219709997,-0.016894659880947033
0.02063160403050109,0.002130859047389109
0.00413026797278934,-0.012531589444607139
-0.00846451799427541,0.053191129222994675
0.013274898365472654,0.02891557664551673
-0.014684528024376088,-0.0010344649051832744
-0.017822193324483718,-0.012771612281948667
0.014621334639700301,0.01145084856119913
-0.00915218362171926,-0.005081565350498267
0.07024956609640631,-0.003296461964002399
0.07851930913081781,-0.009983032563947912
-0.006875306901802021,-0.004040562718349742
0.0018079752005752132,-0.012307760296977197
0.02531615605743265,-0.00432668381842988
0.01013045534006673,0.016797833391649114
-0.004368134150537669,-0.0069608338259003495
-0.006419683709112838,0.006275284830483118
-0.0014068054357353995,0.0031933145458649032
-0.017249836135059416,0.007684354496951497
-0.009728080595150132,0.003123840868154435
0.011952486752247443,0.010672506106071119
-0.013993358478863776,0.006516288783038026
-0.003950210525801637,-0.006302602285058965
-0.010673946650001645,0.0013591236483242416
-0.005740981592154922,-0.0018527934714962346
0.012251317622182137,0.00011230466767394336
0.022417458282436527,0.01751993829083665
-0.006096124607338824,0.004857107869725335
-0.031103590648525827,0.0028157978316766296
0.007753954831123793,0.0011070903079854622
0.002484195705396508,0.004263889262351601
-0.014689143952861994,-0.002018173095345901
0.022421764298460222,0.004099084447704514
-0.008403961236369913,0.003844209303019774
0.006427550784233853,-0.008649599497456606
0.030783003164301322,0.00044505736209455237
0.03838510095595378,-0.006127528027103349
0.015982278100011033,0.002672990423962088
-0.008241385587577466,0.001966845862742893
0.0068451261527858265,-0.0009205368284421311
-0.0015907401665321323,0.004678329757246775
0.009576046013062858,0.004941332311045938
0.008429448855969662,-0.0025584603010057523
0.009300145951433901,-0.004511881140366829
-0.0004413352456063529,0.013374538775257601
0.005122633827959244,-0.0029857997722332074
0.00533264044532007,0.005233557818627183
-0.008035797211763162,0.00416919592801757
-0.0026599405484561507,-0.00782646720250166
-0.0017448596510215954,-0.0006510930299483493
0.015012240230866742,-0.004481997236400504
-0.005852865782812013,0.004085307830696373
0.011747330361569375,-0.0020592375438547154
0.0012623042102324145,-0.008062669478096885
-0.014052791952248995,0.001342112989137273
-0.01777670237794927,-0.0067602253403141
0.015807410416339082,0.004499576686367302
-0.0065457459960744655,0.005176208358524324
-0.007170364182696209,0.009597586981367914
-0.012537051021505805,-0.0027095898349493272
0.008573378324282498,0.00921273094358733
-0.000201572131306844,0.0046568343608714095
0.017015373575767764,0.003113311932988341
0.009929417214175448,0.0009869417524582796
0.004476853587461102,-0.0007374476556100563
0.008447010239806528,-0.003930618336017579
0.007929575572665562,-0.007204522587312614
0.00009080419640634565,0.009833794596849143
-0.009810346042157499,0.0008206732231399157