"Symbol","Wi","Day1","Day2","Day3","Day4","Day5","Day6","Day7","Day8","Day9","Day10","Day11","Day12","Day13","Day14","Day15","Day16","Day17","Day18","Day19","Day20","Day21","Day22","Day23","Day24","Day25","Day26","Day27","Day28","Day29","Day30","Day31","Day32","Day33","Day34","Day35","Day36","Day37","Day38","Day39","Day40","Day41","Day42","Day43","Day44","Day45","Day46","Day47","Day48","Day49","Day50","Day51","Day52","Day53","Day54","Day55","Day56","Day57","Day58","Day59","Day60","Day61","Day62","Day63","Day64","Day65","Day66","Day67","Day68","Day69","Day70","Day71","Day72","Day73","Day74","Day75","Day76","Day77","Day78","Day79","Day80","Day81","Day82","Day83","Day84","Day85","Day86","Day87","Day88","Day89","Day90","Day91","Day92","Day93","Day94","Day95","Day96","Day97","Day98","Day99","Day100","Day101","Day102","Day103","Day104","Day105","Day106","Day107","Day108","Day109","Day110","Day111","Day112","Day113","Day114","Day115","Day116","Day117","Day118","Day119","Day120","avgReturn"
"BRITANNIA","1.13",0.004523513457942101,-0.0047815129590515724,-0.005512052962719108,0.004814673583425169,-0.004281121585248406,-0.007441488234250428,-0.003781962122389902,0.018513227222651384,0.01972020578960099,0.002914536863830984,0.01157607931533372,-0.008189857572393718,-0.004480819689387462,0.00025720857020249035,-0.0015749568564938133,0.002124690284657173,0.02555452315432532,-0.0057321548797342,0.0022210282235540398,0.010357553257665004,-0.0010889255168511796,-0.003114641004414911,0.009169968485202193,0.0007585152590875629,0.007254348989007078,-0.001151651609546736,-0.0002459979003318779,-0.02946417829089772,-0.006623230606093624,0.0006699091470919722,-0.0005100959026931717,-0.01229585247873125,-0.00405271708706738,-0.0057229632715461295,0.005152595202925203,-0.007413386384755736,-0.007583264633140892,-0.0008727352474640591,0.0025712722393307482,-0.005030752332288522,-0.01845642674323211,-0.007103822445283363,0.026245225751942717,0.012076780174199785,0.020926805216398017,-0.014630018815808311,-0.027552328781699574,0.017286819904563884,-0.07796150749752406,-0.01673987961680394,-0.019756866784342714,-0.008490117471607763,-0.06852197180852905,-0.07346282780126955,0.06455582043829727,-0.13370203566777583,0.10611120935993675,0.03666419501106699,0.05590694963939077,-0.022870838973870863,-0.021943260126973924,0.08699339936584397,-0.04615181290560531,-0.0006238449796359402,0.10582268810645509,-0.02079725695387083,0.009421438322560665,-0.03410425501307048,0.04848219703892742,-0.00019378451286606333,-0.0016392190606404772,0.00030011598547756294,0.010677718542190837,0.031223281841262544,-0.0017780334326663897,0.03893251539307193,0.058749588786731026,-0.014836269149906487,-0.0006806192964375864,0.0028351980205530408,-0.022996160897638063,-0.03692266299020824,0.0030045835852995093,-0.024215897063087913,0.027200803906311154,0.019801949682244562,0.01746924067352977,-0.008930579143357048,0.01271282409025967,0.002228503115553077,-0.005150848265858419,-0.001784855482379951,0.007683643079835016,-0.005403150781235301,0.018049247833742246,-0.0010262174980913178,0.017842232701600767,0.03196901793692279,0.016730613012687245,0.0165737258040665,0.004701773864583457,0.01718339841949951,-0.017078237377863424,0.004738562800308337,-0.011509472221738577,-0.0032391577534685878,-0.011330038540199058,-0.001969185475362335,-0.0012758569568805452,-0.002629230674713633,-0.0035296688569789393,0.016769519861006516,0.0008231399724442398,0.010075684326342746,-0.005045734587048049,0.013401761780224569,-0.005956154037761892,0.001160629031258788,0.0017389614482376128,0.01818369857920159,0.17060912764628067
"JSWSTEEL","1.69",0.0311450735881868,-0.014469125899543755,-0.030097188097875097,0.003784167206675164,-0.010367610310936616,0.05942866070107875,-0.0007191639142417714,0.002518885191179876,0.008255542293505468,0.00569596268248066,-0.017876115995591125,-0.014777400031650938,-0.00731660826756209,-0.015109597957840221,-0.0052386435519745905,0.0030092081393969282,0.019688739508368837,-0.033468217055862816,-0.028728999997984207,0.023506367084774295,-0.016459287932750033,-0.024323856258414354,0.0031910568865678624,0.02723663523985128,0.0421907169832168,0.02674099627163742,0.010309195841918514,-0.005012407451767922,0.03904277653071368,0.01714286762664108,-0.001191636117131576,-0.014317437297806379,-0.0034584038296999377,-0.011625913820380538,-0.013869401827610714,0.0033826356041760466,-0.08108578085665302,0.014095347891973531,-0.00685457304598536,-0.03335886975094723,-0.06505362853233228,-0.002969803396040421,0.04872334456877003,-0.0034489035070110943,0.006310995061807199,-0.03378512856440998,-0.040829107080067956,-0.02423052274461757,-0.09082778506562933,0.057578747817816286,-0.13448110277627756,-0.05134412022740764,-0.06857457974195966,-0.006388882226232119,0.07623994799544802,-0.17837829020246437,0.0186980125201562,0.031951078403313564,-0.013175196758055733,0.011014553593652063,-0.05975565028495128,0.02703655823149695,-0.022222165402117387,-0.01608409194222041,0.12366762981071845,-0.02213792705840258,0.0756790745328632,0.00811783875461064,0.022367972502101343,-0.004375718548255864,0.038968735824952104,-0.055273582553624606,-0.04716415366928383,0.010025037210218798,-0.007754322944425403,-0.04188808134961591,0.026427440697628153,0.013350152641661724,0.029485694333811787,0.10085306967883016,-0.09465811453469705,0.002139917570017061,0.011592500823262047,0.03860071979596793,-0.02061560155138181,0.03498379155032011,0.02091085964675485,0.023288468339992388,-0.03921029477872533,-0.005136973052724499,-0.06339645735170896,0.037059724290693034,0.01033674584486115,-0.006723253687505317,-0.022071841976630917,0.06078847781607844,0.04851060233452752,-0.0035173914341174203,0.0002716017293162442,0.05293154635777782,-0.009280719346528986,0.002862421017857453,-0.0036326609753063945,0.026302179468587403,-0.010657244869057465,-0.02513458562684578,0.004735501487566115,-0.03299292822753955,0.023287325728995185,-0.027520520181593913,0.0342857966583016,0.00947116694395154,0.008079126351776374,0.004653636677324642,0.018785335222208755,0.018691620417171532,-0.03843290761115221,-0.0018050495100902532,-0.004650029773618208,-0.010121957492485694,-0.28869826419960876
"TITAN","1.59",0.0007361169368247573,-0.013759231280530365,0.01658347445719294,0.001165210648768387,-0.014354028934339408,0.01762427137057478,-0.008079341279541264,0.00424587085914884,0.0070322408855049735,0.015208566084261101,0.006794229316917839,-0.0034789467579166814,-0.0007570706487526988,-0.009807749715844638,0.0012328963087147014,0.02245996141055154,0.019724232161119865,-0.011442706629357148,-0.015488600754639892,-0.007364061748317031,-0.005858991631300623,0.007208025828237757,-0.0011366138145384988,0.07535400462254056,0.0031745095215039774,-0.016056521353884648,0.012467088610932991,-0.013960767002430262,0.010738155098488363,-0.001337797368562856,0.02293139510765357,-0.003582172367812471,0.017472785840792152,-0.003837335982835602,0.014187697465721327,-0.005076763851665422,-0.03246777638557723,-0.015469980664926592,-0.0039679921288279536,0.018166017399675813,-0.01831130831496568,-0.008250247979033398,0.0022906876837994077,0.0031675378365619775,0.0065549799087329715,-0.013143756490997256,-0.0315066269413127,-0.013128758662515502,-0.09337774536940521,0.0070582529184830345,-0.06732135287776962,-0.010233904349011065,-0.07017982541209002,-0.0292774731067095,0.0015496102627407219,-0.11487459530594991,0.018914974407847,0.07927952585107399,0.05392827042488432,0.009425825582875122,0.0070434565802053265,-0.010544241184022616,0.002516844057232638,-0.07825432413897944,0.09811084838938379,-0.03588580879379512,0.10991286070437196,-0.046357921194075564,-0.015307402377272832,0.034872095192472155,-0.009895985447362999,0,-0.039774374270198816,0.015693353333391516,-0.04078202912299345,-0.00717730788182397,0.02395013717936487,0.005497172299485662,-0.00798625589495733,0.04824933557263558,-0.08061436663260547,-0.0054942073166316715,-0.011838313991559124,-0.03120550495846496,-0.019137877837538838,-0.0039021974024831207,0.020311005813289828,0.01653965326798885,-0.016793578978658335,-0.00047286898737629036,-0.033467326567344115,0.011623673961649003,0.02648768060695105,0.0013549649476459263,-0.00023525485387730166,0.05072668585001033,-0.007728926159540429,0.015352561158759655,-0.010506522065241644,0.07741579243331806,0.017989423350912363,0.008400235648865136,-0.013308235408191843,0.020283109873804897,0.0343609775302878,-0.02721955719103335,-0.01990763704105462,-0.026605322436362894,0.027805557568688032,-0.029968287779095288,0.010174990988252253,0.005166816649485937,0.01349944332126661,-0.00015374602505095747,0.0037403841178873768,0.020163379206731426,-0.01105832775534407,-0.010726562459159828,-0.011661233342555602,-0.009056089771640496,-0.17085949401254208
"BPCL","1.83",-0.00833929332288251,-0.008306825360849193,-0.029679419581276293,-0.017371856009738264,-0.002386070592861696,0.0231571911504302,-0.0006375455644991108,0.0010632309969791265,0.005523161517140502,-0.011408073046701921,-0.013142438647307405,-0.01710696802134732,0.007160121004463537,0.014656112950997606,-0.01810933272914066,0.029750763492466088,-0.006183354221559723,0.0035400472986949157,0.02822020130507519,-0.0039505650643903755,-0.019622134041881848,-0.027041377248082206,0.007331122249261813,0.03953944182030282,0.04848493613924004,-0.013255038078312291,-0.007372964224341637,-0.012108231269260953,-0.009166751152292202,-0.012993791897365162,-0.012111632455635658,0.015884935007658328,-0.031063125246632985,0.01971187277259278,0.010196532240903987,-0.007990782121278973,-0.015050311333165891,-0.017002039726591856,-0.01740562384111619,-0.010583771359325428,-0.03986034941785922,-0.03283682648236527,0.030677806724595254,-0.014823535310395377,-0.0007165733081554927,-0.03656782901306474,0.05147608866050389,-0.04588890603517576,-0.14861523671421373,0.09221606083117273,-0.030315078645118645,-0.020430555627889778,-0.06900897367804022,-0.0971282375216102,0.058617852029908706,-0.10618881483947207,-0.02413216949214374,0.0414684939828068,0.03123283212043375,-0.012575231833067656,-0.01434977578475335,0.1534121706878412,-0.04402013871294009,0.04687235886212494,0.107047179127843,-0.025064136022693168,0.007595694409104679,0.01507686952465396,0.010711225177446179,0.0043803525963916545,0.01322457030880032,0.023049118723377008,-0.03569488087499621,0.004081667014866165,-0.004345439465943139,-0.013233793524499035,0.01412464407770919,0.01041083925316252,0.004594803309495714,0.025641025641025654,-0.059729746225717896,-0.0024432484001954656,-0.00936464519324182,-0.041448518051085945,-0.014565279838469303,-0.03063899062981136,-0.007306187681561725,0.012959960937500039,-0.02163947512270182,0.027445914320203102,-0.07589573691892162,-0.0025505867408098085,0.05318788528053805,0.0139204221285541,0.0063856957919848556,-0.006503864946554544,0.05205179188326933,-0.00910608556333809,0.05008416288729841,0.010210035369411336,-0.013571994961382823,0.021809079497485544,0.02349237213523383,0.03456964619598499,0.06628787769321119,-0.03197159580912584,-0.006684109549066049,-0.023486011683251262,0.010404016296494574,-0.03450118776962544,-0.003462603878116378,0.013481601399626477,0.015496417448990035,0.02781900821868673,0.012087784131051356,0.017785294591895186,-0.0343112556301817,-0.02192573784339439,0.06320052369070728,-0.02616534472925023,-0.17758606150709078
"HDFC","1.59",0.013332251828141973,-0.0048451429412797115,-0.028662058967807123,0.012981733676964043,-0.0036852592832435083,0.021299610454192108,0.00006114284716033245,0.0020345511119904377,0.012080964231138936,-0.0014845337203162198,-0.0026120263332853493,-0.01134125020023111,0.000163141212857358,0.004522565898451704,-0.019813930887168926,0.004882917092141147,0.009203662430283673,-0.022421689528618203,0.014942716375085574,-0.011247711812232346,0.004471264255652003,-0.00041412095618436115,-0.06389803048208675,0.03814579671465112,0.01948025281133774,0.018731915993154963,-0.012641343481947773,0.0035957007632446635,0.008636000492912731,0.001006288122079687,-0.01392775913746496,-0.000790410242852825,-0.021442756444829614,-0.013381525387909985,0.02520697793645392,-0.0032599561475528593,-0.03258083483030392,0.004493425089838076,-0.00918544173443036,-0.004054333761157101,-0.04244788096719416,0.0017924045637774824,0.00539083804870393,0.006685274775989169,-0.00498623106913432,-0.03899703775060066,-0.038659254668467966,0.004117617484037253,-0.0788459556083218,0.10188196196689031,-0.10888810313758711,-0.04666763967991382,-0.07589123002138516,-0.0030508109307112153,0.08429151613512696,-0.13298557352974658,-0.010258463954923965,0.09364835478451838,0.05297526978192278,0.011971764106840553,-0.11131700680485071,0.04769847149208113,-0.030371700172248457,-0.053015425404604445,0.03707771371686157,0.002347111738134591,0.0925711162995795,-0.028125155480053118,-0.035584718810792206,0.018448895875156628,0.033738194429891656,0.028025641732023605,-0.03357060662841132,-0.003323863948490593,-0.0004206930907422552,-0.04998646988749098,0.007055545302774467,0.07813644254020194,0.0704918707648794,0.043146817018262854,-0.10002607915871409,-0.01997853451376618,0.02500148432859178,-0.016309255172520135,-0.008333809396161997,-0.018494412761478552,0.009436575343424337,0.023086995712518314,-0.04691284838869709,0.0008575981838306319,-0.07451945991792196,0.018385597225298752,0.05659643841065207,-0.018254417448446653,-0.050804502941375035,-0.009233869660074468,0.04543481840411758,0.0339403496578684,0.021678882096945257,0.04750130274676256,0.043649738356947146,0.012186021956873086,-0.03886903045719676,0.0013035399005648265,-0.0032831108824854485,0.006417611826265927,0.020992087413099464,-0.01207656013128747,0.002657374118927013,-0.022625787328433785,0.04010504200183951,-0.014956899055401273,0.034157004690332386,-0.011234150148896616,-0.008555327719048237,0.010278147959319823,-0.02195209053142003,-0.011097137472765037,-0.00475317873610084,-0.015937935926916166,-0.2846401002641452
"HDFCBANK","1.24",0.006374178452746797,-0.01426071543496208,-0.021641495359374482,0.015834663110713056,-0.002617742996765218,0.01121448742412716,0.008887782398006666,0.002572736379314655,0.002721617418351426,-0.0040713454827452445,0.002647478617140263,-0.007377781089487338,-0.01819035289746863,-0.008407083132420088,-0.0028127135200463676,0.0032235967914744914,-0.00024093405928010057,-0.0251899051273746,0.008242664360759756,0.010341746990705284,-0.00792970583113548,0.000203906847227737,-0.027317947212032807,0.03101944876373104,0.012075113836666413,-0.003896658089265412,0.0019357172521637302,-0.001529465801345252,0.00024181790373711137,0.006770937110566259,-0.006084848347427954,-0.017762242947056955,-0.0018041999556507849,-0.0032042265421963526,0.011498002202245935,-0.008230097773629144,-0.005874640175405709,-0.007975455790054627,-0.000874821949020352,0.0001667301829269149,-0.01817493655030273,0.001655798523712656,0.001865101125569813,-0.02788125899542896,0.002176089178854757,-0.014287533348409888,-0.024319301253154055,0.005870134302693312,-0.08304907252650899,0.047488555385146895,-0.06571326006680675,-0.02441223052932702,-0.10070757217778284,0.021268061192458096,-0.014181243236158955,-0.12606897080005036,-0.004989923720886123,0.11599581395988559,0.05176536397541599,0.0037177191342340756,-0.08049089149252461,0.036373473350538976,-0.03741733273754601,-0.019044233548096073,0.10106285245113326,-0.008034763271996634,0.0406681993317923,-0.03210638624826212,-0.03579604474998114,0.019054804169621145,0.03472576049214962,0.03795450758681831,-0.02455411099258156,0.007540770344245838,0.028376090150623867,-0.017697286976314,-0.008901418575339758,0.0018285599491340248,0.049065868556987316,0.025278899625618474,-0.07865840362662642,-0.012513529569846887,0.03834550632393045,-0.022612028594686216,0.004378365181587798,-0.014261880602868817,-0.015560166182510713,0.028950182435238767,-0.03659786699027498,-0.006210123886272395,-0.057985699019685234,-0.007171457389488597,0.03184247323718865,0.0028584905808174198,-0.024082383224949745,0.01615312537699047,0.06012435304096697,0.0460354943418624,0.006770721411333075,0.03782903281294544,0.013516909083111366,0.021228771228771155,-0.020102702658810218,0.031596249369282195,-0.016886777552765124,-0.028152412573854785,0.0046085160024563025,-0.023441045089772912,0.01460873918100473,-0.033477511487217004,0.04269100370625456,-0.01125810191761559,0.041562432685250235,0.013137862854583052,-0.004451517583216839,0.013171371886391114,-0.009402329817736579,-0.0036319612590797966,0.026925833459902643,0.01855279337606914,-0.1584154001449818
"HINDUNILVR","1.46",0.0007745259979924705,-0.005469454738414982,-0.006225846683642607,0.002740896338507784,0.004503578488033853,0.0029543999710324813,0.009793051073443415,0.02090572702006376,0.006993100020040967,0.006396823388675826,0.013652247830324439,0.005392204339156974,0.0012377040601664639,-0.003611590765121635,-0.0018000904008570373,0.002534453107323486,0.008167588278181568,-0.005955385351614925,-0.0003638768543005355,0.006599967366748179,-0.007762002931065276,-0.01158832179176988,0.07113176906094812,-0.010716075325213572,0.002180333345128929,-0.001805354471791912,0.0016462915054403229,-0.00030092212688511154,-0.003079749847350047,0.0500314212976767,0.010197473178569281,-0.012415651398718872,-0.0010863694352301362,-0.008079701131714927,0.02584594451089235,-0.019152309838461896,-0.014722643000227985,0.008329078155816867,0.001163998451833481,0.008384799772681516,-0.035566273280005785,-0.007035293383164616,0.0033341160111415662,0.004246368198746836,0.01937162177953675,-0.0131199730392913,-0.03079154329317143,0.0157906403467994,-0.0459628716614049,-0.011065468512430315,-0.044904528643471,0.03200475994920466,-0.04004392580406953,-0.044443266771878646,0.11608542788066169,-0.08870694162455862,0.08458575488705165,0.029735913148296284,0.0511217985850669,-0.024761816286411324,0.020462024509914217,0.052258008739220665,-0.051707728020521045,-0.011721856569750635,0.1349982666892044,0.00652387702845699,-0.03600391746440579,-0.01087579415181258,0.0601333976204981,-0.020682949465066037,-0.020976179397091652,-0.020314384102560347,-0.008195948849908923,0.029666938941078295,-0.028770167541391303,-0.014843639652943956,0.016359266582055974,-0.013143909489663923,-0.02541537975275086,-0.016466997646623602,-0.051184602906332574,-0.019758351522852435,-0.015331850614170023,-0.009028941204859593,0.048894412484052005,-0.019837827230342296,-0.017797813282881703,-0.00785470760588629,0.005160977741478483,0.012985741667585446,-0.013212927208150064,-0.014811102491654776,0.007744680335285829,-0.01002087786218126,0.008625496175356295,-0.005080709694948751,0.010263922481289715,0.00593059304756777,0.023582759533142192,0.024886345617671543,-0.0005454510332134058,0.00621631094018242,0.00004714804392666958,-0.015561613243854893,0.011544234392443734,-0.0024624999196312335,0.00621896698209938,-0.005991858209770481,0.00016614195646809108,-0.010890799373217047,-0.003814257446803279,0.0009150985434038378,-0.0062071695855461404,0.020181780890488266,0.0038466819629477344,0.02625182928444712,-0.01189729805156799,0.020114500012545188,-0.008720091920367533,0.013346065659879617,0.13492966931717887
"UPL","3.79",0.01223973112287955,-0.00789318773318477,-0.009818005033496073,0.017266405107272762,0.009747057387802854,0.006157884401253073,-0.007029954559124276,-0.013909689362105484,-0.014190430092916402,0.003855735652914844,0.003926240130748885,0.001955495050336997,-0.007891423936955909,-0.011802898474762796,-0.02553229212325611,-0.0368594424983259,0.002028749312394531,-0.011135643724895209,-0.0005583722024471292,0.009684357257808807,0.003689026936676471,-0.0323441187175608,-0.025163776579157245,0.018118084584839902,0.028415655562309235,-0.0011164437112598034,0.01164192030294239,0.05707973379451113,0.004441842785300787,-0.004768871242511745,0.00845082642275059,0.022289511636190713,0.005662030637843202,-0.016470482943888514,0,-0.0014525651445383152,-0.018995496100754076,-0.012036589213850432,-0.005915074375286671,-0.02158086845554434,-0.056548848994662566,-0.010294534912373903,0.013998293301177094,-0.01907773289278796,0.00869818269637141,-0.004747631361768531,-0.0011681677417671049,0.007699813196092957,-0.14188992415604829,-0.0738277675177124,-0.08287700332052024,-0.06886936921908224,-0.08265638735299298,-0.07798672592912222,0.011457490653935174,-0.1517574225916242,0.029261522128106707,0.11734399139635202,0.06745215478959511,0.030875180048968325,-0.0426753639132777,0.05851839753479832,-0.0635529042120048,-0.025020341206951343,0.08570940981098348,-0.010659623938873838,-0.003747668920991615,0.018652069397770726,0.07878129982961397,0.03608619315391226,0.000275288693815881,-0.023534233954967006,-0.024806188456122386,0.0222574838184451,-0.013431377618219508,-0.037403226724593626,0.04019649941953148,0.03191640233234285,0.00027743619481614715,0.16486403143975822,-0.0824901572364066,0.004281299292065769,-0.02079834927098279,-0.027968340569358607,-0.010314822425985484,0.009599547267892122,0.017522317738677243,0.040315127330742356,0.005646109543165726,-0.03304843897725595,-0.008181562503821203,-0.09619480987446839,0.049757119205975676,0.028747744031999218,0.01185933878192652,-0.01104673831313302,0.05653178838576242,0.008509606581034362,0.03771407360313391,0.03314028984986628,0.012878646574136362,-0.01318574526526951,0.007038821749660629,0.041108907482508436,-0.005917177649313924,-0.01419411164006398,-0.013005148331499725,-0.017764669261220785,-0.013893921399213891,-0.01615449330118235,0.022839518648610183,0.015811737308448,0.01687263765125775,0.021032942447102968,0.02128636415535412,0.0378753318811808,-0.03919236791858388,-0.004607290430207551,-0.0059832577856345805,-0.018966535656120262,-0.265788360504028
"KOTAKBANK","1.66",-0.0014933842639592017,-0.00864471467804271,-0.002745716507661923,0.01107375039611641,-0.00957596446945473,0.006163744987563619,0.011801388407261224,0.003798910547608609,-0.008455991345430517,-0.0007156925138607122,0.015487033671693124,-0.0020276060904372123,-0.047229228152012435,0.004450182992291261,-0.02436771655950556,0.012835052403618782,0.02310301469625178,-0.01497305232480815,0.0047579777911756485,0.008855755918538743,-0.007436954210739396,0.03899892522647008,-0.00916211024087484,0.013154391545488501,-0.005034474817347478,-0.009320905459387479,-0.012514905120594366,0.00983031337225382,0.004882227344012549,0.02232559798044919,-0.014636407503996309,-0.0052373638303463985,0.006038266878193723,-0.00005911867268686726,0.005972782723795021,-0.008906016478451807,-0.004567129152631683,-0.0014598249199314435,-0.005549617231858048,0.00975097509750972,-0.03708217169161347,-0.013176150774598612,0.017073201268370974,-0.011283340776797402,0.026990905023152212,-0.012292928245334294,-0.03243310924276656,0.007065249970896903,-0.07817907014576396,0.0034128526899129125,-0.058739563136020766,-0.04408470199651187,-0.1139714262984887,0.033192564558891816,0.04253210640325516,-0.12999562622066696,0.049761005612622415,0.1190476165266406,0.06417852590082875,0.01904659699484473,-0.0753341621422883,0.001816570878062744,-0.08826821504115667,-0.03452803113033086,0.050138120231636635,-0.008680792947035287,0.07178040520990929,-0.017283368354185525,-0.06167561188609023,-0.03654954156682641,0.04898972066153831,-0.007165437302423669,-0.04041602681888136,0.019466442087108078,0.08462439607166994,-0.008082243339028518,0.051671916610681025,0.017681842021947385,0.0009044971543305354,0.022103382253696346,-0.05850273003266177,-0.03087343225441829,0.006137179097808434,-0.03703993270383277,0.014710703138401362,-0.023820281048995622,-0.026294754751082144,0.02549256934389421,-0.01146033213577485,0.004432762211584028,-0.054867199978783,0.015085463466542498,0.026228515807644452,-0.008490626491878362,0.008650250964464224,-0.0060334427638353465,0.05580133574481848,0.009773645325876709,-0.004432836950117592,0.01993466046900529,0.0756968905414381,0.03250429936741423,-0.037611353775608876,0.002547979879987799,-0.000784907153385561,-0.02438748874953252,0.02154658211087516,-0.02518299780681172,-0.014552939904783862,-0.024144415717405877,0.022339678011578417,-0.025845863673241744,0.04787741149706413,-0.0006521468537683067,0.04057579699496158,0.025491606928452804,-0.033095905598959856,0.028127037778939684,-0.030107821564772264,0.01160364831834717,-0.19019743444167259
"NESTLEIND","2.06",-0.0033628794715612476,-0.009212882937642105,-0.012121799398619737,-0.00873286887723083,0.007025453968516401,0.0175314755748386,0.002888687640240658,-0.0018793160118155438,0.014353700158049845,-0.0005648731396545966,0.03329026440969832,0.005509577382975126,-0.001444361323915524,-0.008847163177579321,0.01753179291461853,0.000006351152826329694,0.01329364057390427,-0.005680561418551451,-0.01591343494818505,0.029195649567139638,-0.02180653715635467,-0.010392557829396595,0.061297587995973415,0.009484049715217399,-0.0043023894515513625,-0.006091067186167043,0.0026281358742608154,-0.009529690005803714,-0.01082108192378244,0.018784593618295136,0.007025421123840851,-0.0033937676651554687,0.014177894231536089,-0.011128222926406214,0.02324460820664373,-0.014632001654861183,-0.012231369114821092,0.002650384715911311,-0.008565072832327924,0.0014531714320288336,-0.029820803642751813,0.02099012528335526,0.015481105171132358,0.011131215065740283,0.002103755961681548,-0.008867994983365641,-0.024225065967818545,0.0010728803421489511,-0.03009620099626574,-0.03685719968392707,-0.03966159538403834,0.00998798075851342,-0.06905989980535478,-0.03076799060392394,0.0781385068455444,-0.08488923881626678,0.041221464193438806,0.07165594152078483,0.032927032873090116,0.012661050520494635,0.036409725774895756,0.040993186290950084,-0.03963657386666522,-0.035120877343483424,0.12803962351955414,-0.009830647965689065,-0.0018670853882804365,-0.014240036818096406,0.043735100825382754,0.03285834435082523,-0.03190241859837809,-0.020081617911615855,0.0022914432928283035,0.03683742318185435,-0.011676670571503145,-0.0017205073282126192,0.03129369599822805,-0.021230385089890128,-0.004553244691291061,0.024871634082406027,-0.026125777304322587,-0.00199921049853653,-0.006440331674417031,-0.009642161521951824,0.03853007302489337,-0.013525845779997244,-0.005705461095565963,-0.05438124641313019,-0.012691982972976005,0.016209850705024138,-0.012375530740303136,-0.0055417695337265345,0.00947969869323067,-0.0004845761981342327,-0.004927690059645464,0.027134925311495212,0.0036805546891349175,0.016313189024579122,0.03246776998790381,-0.02037527393736783,-0.009835097914036021,0.023109755640906136,-0.012121092681037117,-0.005803462470034469,-0.015242737638609439,-0.01684459799644445,-0.0010814024478708615,0.008164529302982232,-0.006737541862676519,-0.005819486518402528,-0.003548786857710623,-0.00880544223215656,-0.0011853289304362385,-0.005204289221367143,0.0028580659938748543,0.025252812182152577,0.009638393816622893,0.0047342638826949794,-0.0065229046285816316,0.0028362033428270604,0.14435965971892206
"ASIANPAINT","2.2",-0.0014219975155574766,-0.021919409932548154,-0.025265496221445086,0.010104557908525613,0.0025516258015757447,0.025306493970381868,0.011283246930932727,0.006889611220135955,0.007895172530786004,0.012698221961664239,-0.003853968814141695,-0.0027790504183582165,0.010218270905437211,-0.02055442457650323,-0.017396103050171245,-0.0017704223028395388,0.006024475835999834,0.0008674311823625941,-0.005172364594977064,0.0100331471080985,0.004479839527484266,-0.005180040753378155,0.04009689207824328,0.012662982659014207,-0.009411539756987445,-0.008913769763517041,0.0010232127519475215,0.00581053812584039,0.0046001464419649085,0.00830625238973502,-0.01037645802138877,0.0016008107213471975,0.0023174526515492774,-0.009434461728808527,0.011402419012882649,-0.022627266987810344,-0.012647601798505529,0.003930852019104628,0.00030121513841187194,0.009388783208807185,-0.024867169847021364,-0.0062014515902451845,0.011743857972784126,0.02632526790625381,0.014340217183255661,0.0016004525120761452,-0.005486102366419298,0.008408495577491222,-0.020978850812583404,-0.024764695491890087,-0.06358122219306585,0.02863252087679869,-0.06548856292148314,-0.010505514411644053,0.08852737114174153,-0.1402794663756546,0.01761824813405718,0.04479131920854909,0.014938947232801104,-0.007916150238580142,-0.005735145060326414,0.04486041044648066,-0.03798387846472682,-0.05133474106745756,0.06765729513169459,-0.009145245633258851,0.02635254884269022,0.01786422975264967,0.022220860525175537,0.014491884864463544,0.007544065635263527,-0.014690416824324573,-0.002571574743919323,0.050405595458984466,0.004771089722068131,0.003238886001890283,0.013022823099833799,-0.014556938259044763,-0.03118830473396405,-0.004978864348602163,-0.046568400138247,-0.034380960049023,-0.005249712805523284,-0.010151126777347983,-0.009973060673909928,-0.005575279156795832,-0.029466117953676985,0.026225104353107088,-0.026162572365863147,0.020066901173623614,-0.0333880334639549,0.0018986445938686334,-0.0025931275620538997,0.04949835227578154,0.027694827686026928,0.007386056892884165,-0.006380922824124983,0.014912485658967821,0.02403255434080049,0.006030593743008527,0.009478791650148923,0.004241540810105703,-0.04823631579655382,0.0029380397209329157,-0.002624313182306514,0.0047729007015810425,-0.0037149431445095376,-0.015495546737763372,0.01660870538850247,-0.011695725774786477,0.0021628489506037235,-0.01621747377839301,0.0015042936275783884,0.01545872449522276,0.018274348591488337,0.019217314388726116,0.03762099027550254,-0.03333804169134485,-0.001332171203964892,0.003082799607957129,-0.052672533748930106
"MARUTI","3.24",0.002482334758474566,-0.010314022180971796,-0.029203576845773866,0.004430310718493583,-0.005428628839738838,0.027390810820690795,0.014195024747842136,0.0030284912466716695,0.004637670632716036,0.013016547391168067,-0.0027129147581179303,0.0077050259136043865,-0.009381375718473191,-0.019725980867772025,-0.022875228107652853,0.0016116349242987795,-0.0026094021888124017,0.002854671154724315,-0.021227312802472233,0.0018936492128548417,0.001447948015271774,-0.015234139934826713,0.014146250490731411,0.026856682939909535,-0.02204295214514031,-0.0027410551323429396,-0.007099545545728457,-0.01130991651671117,0.020434054895030734,0.0013577367318778986,-0.005430717950454066,-0.013026318065982884,-0.0010196510682641672,-0.018192339026328972,-0.003613005803738877,0.00014802222258363527,-0.04250036836039054,-0.008631606935803537,-0.02801438384661373,0.008813336621589158,-0.0010651952940283938,0.0003262742770880325,0.01605363544686603,-0.0002660847621536013,-0.002882104575298471,0.0125669072886049,-0.03798513530431707,-0.008837151470587723,-0.08186227220679412,0.03463498787338026,-0.06137608310759705,0.022572042330220726,-0.04484343371071007,-0.09959556353260612,0.053874471451101635,-0.16909165438992585,0.0630517090204165,0.11579308828642211,-0.025559629276820962,-0.047539950932640435,-0.06836920567196293,-0.009275820378667955,-0.009782466834188389,-0.055306267690575596,0.13514890703948132,0.03172188408280842,0.13378806247904643,-0.008166502909294762,-0.03574573553077633,0.007164813238071946,0.07293214333005488,-0.03154398472631924,-0.061944964485212396,0.03594217444210118,-0.004728983297595042,-0.02146872433968001,0.0021207125727038625,-0.0007219074804776151,0.003117199748549144,0.057285688623872,-0.08817279570998689,-0.01155261345387728,0.0027743574620555625,-0.01939810279161414,-0.020034533714459374,0.0609455657913191,0.002734059030012702,0.01712680063399873,0.015478207021434577,-0.0026691192840832944,-0.0743960611628286,0.017867086774047785,0.01803225912286034,0.03232864671151253,0.016672907072327645,0.021784793575776232,-0.0003335733709278588,0.04270280832483159,0.026049832503584253,0.032580033960639944,-0.017864512269426047,-0.011616670145912835,0.01177098642686632,0.009841518869852316,-0.0019840000768221685,-0.012642173659722714,0.002348993200997264,-0.04395136599755255,0.024990089603063002,-0.015462773716420549,0.004830507124971149,0.04071096034768458,-0.002060792873538625,0.03201566650363193,-0.00022890366589224767,-0.0016112992663961797,-0.022279734029188817,0.0012075113265180106,-0.0012842014831758815,-0.013240859230453823,-0.2233406579278686
"IOC","7.19",0.00833672776301129,-0.0011811324879067119,-0.01537250111901376,-0.0028022279388079927,-0.021678080371514787,0.021748103475743092,0.007630502541218282,0.011956941355887913,-0.0003938448966156676,-0.009456254038327356,-0.012330921949927538,-0.012082144526653368,-0.041989470602958566,-0.022978697834957082,-0.010017421815376184,0.04135501378300888,0.010984401231733365,-0.018386985456838617,0.0038314473937284457,0.0033927470306164415,-0.009721115505498265,-0.03158344997893721,-0.04759800764406285,0.05321610297005885,0.00790853198569644,0.020488289185874305,0.0038444722725773065,-0.01446802358931847,0.0021589036300563736,-0.008186174457850014,-0.0030408190119101696,0.003050093795110451,-0.028670688543853566,0.007602865296072032,0.013759403892520452,-0.016637435695309424,-0.015583252494296158,-0.000904615261184594,-0.019013178769539833,-0.024919215884678613,0.0009465709816478463,-0.01702133232122123,0.025974073978528068,-0.00046888525626459407,-0.01688545978093008,-0.03816794417895962,-0.013888898815600395,-0.02515092941401385,-0.09287923215739505,0.04948804155335503,-0.02764237420223251,-0.0033443887829649696,-0.020134294291476312,0.003995414178689728,0.03013082984565701,-0.06485232858225694,-0.013003133767898769,-0.023212026912905567,0.0019268019116117719,-0.014102544540014094,-0.0013003702488541525,0.06315101928905573,-0.03306802850188498,0.006966473375779552,0.04402515723270434,-0.015060240963855345,0.020183504903717498,-0.002997601863621396,0.000601267846612478,0.01802884681514026,0.015348324658762473,0.018023291299509463,-0.05197033572994794,0,0.0012048008930253937,-0.019253892942240818,0,-0.022699367780626863,0.010671669276050502,0.0459626950092196,-0.05285032196589747,-0.013166182467182569,-0.027318856160799404,-0.010450725275829204,-0.018481868328434372,0.013449899401787618,-0.005972089679560335,0.014686227659702195,-0.011184190448961809,0.004657331563733463,-0.052317840374068614,0.006988119897609202,0.02845239882766771,0.004723326333715489,0.014103466686342169,0.02185432484607822,0.005184724795432919,0.0019341571964124585,0.07078507356523696,0.03545678708945005,-0.004062663585861417,0.013985977920284077,-0.0126436606220816,0.040745051662723866,0.04138698976611476,-0.026315757125637416,-0.007722058089948223,-0.01778764345085789,-0.000565879153669912,-0.023782627756928826,-0.015661235753078703,-0.005892752021115259,0.005927682383460928,0.005303530768759694,0.032239154766868845,0.014764285943285157,-0.025181869484325513,-0.02353611318342764,0.04820691742510586,-0.02299498616567849,-0.27441906314249664
"SHREECEM","49.3",0.044896827728680665,-0.005180794154959788,-0.0027364363183617945,0.04266908908758431,0.021768321845824345,0.01663440187030037,0.023265909499390634,0.020723463935047818,-0.011297046394881173,0.007156184173435791,-0.018450195790756952,0.0015070152867284012,-0.008265597962223517,-0.007763701886399756,0.0027533443021490276,0.0027110911116701034,0.0024091143565500273,0.020043534443170183,-0.006627575422799258,0.0027386524443990504,-0.0008890792654394112,-0.02037019679235631,0.011326962263499296,0.052343441038107744,0.016663027517973723,0.004792331009349006,-0.00377808551952217,0.0017457416839289869,-0.00594107063458014,-0.004977147518139226,-0.0029891315792421468,-0.0074137771217013,-0.01659605401576706,-0.0104419535913537,0.03179520523869009,-0.005127719965183499,-0.019170807319359415,-0.010888903986869338,-0.004535038982377415,0.014804919719045254,-0.047945173457689776,0.016368984159467186,0.0239215006835345,-0.014292221060127317,-0.008161368302803739,0.001916274608392036,-0.054096906619677504,0.0015874133409192457,-0.07405379159976691,0.051037029558290405,-0.053974509885517614,-0.007570138670414667,-0.03557019866411735,-0.08098414360837203,0.06611428326579454,-0.10285282291185156,0.001214642552244254,0.02698464185806826,0.0066463508743713285,0.006385950397315264,-0.04136706594757332,0.03607239135386352,-0.05679838587772129,-0.04627875128961695,0.05390335757013524,-0.03430197436513109,0.05423934146227593,0.021599783366705566,0.0484073277947132,0.043570110056430696,0.000945664579325781,0.002644225268076904,-0.008869868059273289,0.020649594233113397,-0.026507423464860812,-0.00643583882642539,0.023370690978610397,-0.008195879686568541,0.016193237199100877,0.031114054677596516,-0.057815972765980994,-0.006067114093959757,0.012418992579137832,-0.016513800284351978,0.01629741022649379,0.009720896063618357,0.011223893530532289,0.03325107835843228,-0.02289095163655456,-0.006747559706406304,-0.05358571368056097,0.010362181416288247,0.05838885936729606,-0.008268209711645004,0.03423163370301399,0.03802581552207757,-0.00917880732868143,0.016178692208549936,0.002325946576533483,0.010164306600525237,0.006250763616569651,0.020239592914249305,-0.010790537022022628,0.032383517828666254,-0.04113697100984767,-0.008078013975776519,0.023965005915208146,-0.012183233301346118,0.053714615737678106,-0.012303117069929622,-0.00026669007416633305,-0.021522948619492954,0.010663043649978629,-0.008561161894174177,0.015623450112648103,0.03354587341394411,-0.008349373204794642,-0.022041746271862936,0.020617341400198563,-0.00807591899749098,0.10448608130946546
"TCS","9.31",-0.004590499046603563,0.019929010085592686,-0.00009085674874249441,0.002454143292197936,0.02239500093394397,-0.018135371340231254,-0.0003612903110309041,-0.010480869988992851,0.007555756749810965,0.009062412677363449,0.005343754266074868,-0.00879926755955252,-0.02196831335882367,0.00032238101668969536,0.016512822327048576,-0.004972976783980828,-0.003445994012215841,-0.006480722395452443,0.006684244869269993,-0.013348437239286132,-0.007773979781319255,-0.02750432139899898,0.011279161445438161,0.002496931597101489,0.01840830842659974,-0.008478673299065754,0.0038526982593110617,0.011888259386431602,-0.003954729456005435,0.008056921111624484,0.00976628936235046,-0.0035356582599252125,0.008721737932729807,0.0056734122445443414,-0.008755414259461306,-0.018007088438911554,-0.019218331352603528,0.019287453251470216,-0.015096302934053361,-0.008523159166874848,-0.0500357210995171,0.0005750072733322737,0.0174386162695982,0.023082213442094077,0.020089320677751207,-0.004047014701400418,-0.0680856655302062,-0.009455812776523676,-0.09410337900098034,0.020594950493189535,-0.06084264292913331,-0.02263610787003992,-0.002171354432553939,-0.003683578754585025,0.09845081381090995,-0.07107295708409228,0.020033631285178887,0.027684012963235315,0.023224472387131233,0.018733094359168267,-0.02521234747691912,0.026764117677780946,-0.06426268243039354,-0.031923950729199714,0.07314716509533568,-0.0392913372873368,0.03559183015658771,-0.003906803631167422,-0.01369909066338846,-0.011007593116340173,0.05253341578176187,0.0068929329095291265,-0.04453857067329636,0.018329408210705358,0.06145798011359903,-0.03178486711146852,0.009925473594179723,0.012223676830626877,0.025066538109486062,0.05709336188447862,-0.041698757033790224,0.0011914747234468444,-0.015082136774443915,-0.0062775782956897485,0.000925118944790979,0.022129516447062687,0.007337372483147663,0.00007691408602174804,-0.024260751677299956,-0.004967492062165001,0.027840836312173656,0.0015676012591517166,0.0025402796020309107,0.01924645337674345,0.014639475380952078,-0.03828544747293442,0.03206382819097363,-0.0004986963221482785,-0.01594077698676431,0.03696100248866547,0.0009290150322851088,0.0024495800565775437,0.02218798910152642,-0.020702369050145376,0.01147326186790491,0.00014479924458733173,0.017711957587757645,-0.019490356816136478,-0.01361439304304852,-0.004707025217290455,0.007832881963668364,0.0009776527877008246,-0.004736817610147773,0.0031891956333326386,-0.008143371593155722,0.0036243838375536954,0.003390086235397655,-0.012780296876569883,0.05096479290973179,-0.00811766655484195,-0.018246207846131512
"INDUSINDBK","2.38",0.030115171933846007,-0.00009811930285315701,-0.038885405449341486,-0.005274261515743786,-0.0020867162297265175,0.033628170608203244,-0.010877872283679568,0.03245600966575859,-0.03767089863300121,-0.05477003548537327,-0.010032166246429922,-0.02466728145719789,-0.015012053117489448,0.003303445756495093,-0.0066973108357717345,0.0033147689717759592,-0.011788611403042253,-0.03411596781929329,-0.012940490720370401,0.0027894002789400035,-0.02125968607192528,0.02220866876649407,0.0033760972970761807,0.0075608020051577815,0.00011788348028495934,0.04827934382030569,-0.026569197055930346,-0.018363178903303305,0.01388295534732047,-0.01179747009010626,-0.03651951113392272,-0.04448507007922009,-0.0025935789354804297,-0.02749477926810041,0.0012712135568146326,0.03506538186904005,-0.010108231826629281,-0.014014120413640132,-0.016336591398171507,-0.017136520856277447,-0.010308815827743989,-0.022462794014137952,0.02668524329684977,-0.037994761789663926,0.008490125468063209,-0.05600001135537793,-0.110070963293921,-0.054866558667350566,-0.0807216500079409,0.02434203146836127,-0.1736858172142302,-0.09034103409532233,-0.2372755620760297,-0.036349827351830476,-0.008332353994294354,-0.23594866005760887,-0.0716302726382007,-0.0353770388814554,0.4467308714131209,-0.056893755770178106,0.0055947160272957685,-0.15021772380351198,-0.025761423590774987,-0.08487943840166183,0.22557468436426303,0.03985928761153306,-0.009394964442796796,0.037936267656916094,0.033382096517493645,0.026644630111631207,0.08968768685796315,-0.037411738946809533,-0.12229035386624361,0.03754518539057294,-0.014306279819119404,-0.06598369924400975,0.06398537579142274,0.1488708758103094,0.0065164371116189996,-0.006261965970730673,-0.09633665853147058,-0.010282415108037474,0.016240715535509483,0.06780259953822709,-0.030813249283439696,-0.01578292746837736,0.029533960523322293,0.00537874009597932,-0.045920654978239404,-0.021728943441515797,-0.10019109382372925,-0.02375583863843733,-0.02854812492791696,-0.029387070693335838,-0.024365576663449937,0.029111883924429663,0.05959218630831797,0.04851604093846738,0.017577840728142995,0.04178842236018687,0.059985383412323574,-0.0054060410341014355,-0.040013919431759734,0.017588287014209485,0.06925535593062344,0.027236465072477005,0.07695626789552702,0.04713774624267601,0.010130913783106196,-0.07171922327293725,-0.017837122042071808,0.019406405853902537,0.01639014234059728,-0.031149875661657483,0.01292256813578641,0.06225766666170396,-0.074365892374054,-0.01359771256914924,0.03662000235714027,-0.025479622584507894,-0.6766152501450328
"INFY","5.09",-0.0029177807469794054,0.015380437482685243,-0.00958450026591592,-0.014820288459525727,-0.013325961657369106,0.013018559363388473,0.014569522683358786,0.04795768086926011,0.0027148094474888445,-0.010442920227460064,-0.000716550857862126,0.0011081835227410802,0.0007814523702001297,-0.007742888692593786,0.0100983949083118,0.018371835442910833,-0.002039877708298091,-0.005940636003638562,-0.0001284866105979137,0.015038602623976502,-0.011396752400313024,-0.006084293846216982,-0.011018754414015649,0.02664840515720769,-0.004188606246591484,-0.016824976714008302,0.007713778521935837,-0.005274646208629111,0.000452633036866871,0.009695576648080009,0.014339712012876146,-0.007320918385554358,0.0038146164977837147,0.010386933328150747,0.0035103021811820536,-0.004310098635454857,-0.001442944541452313,0.0032041893965965565,-0.01960169124116699,-0.006260023336378082,-0.05933018349824171,0.01277844977052005,0.00802917873813768,0.015729612363655693,-0.005469564220516351,-0.020739451812949564,-0.04668786550178846,-0.026190620468950206,-0.07988341058314102,0.0176647375366068,-0.09216158410821924,-0.04835805567991574,-0.03721055816394652,0.021055623806651075,0.07267889168548662,-0.10039299489299043,0.12033424200157866,0.02780612806825611,0.060706019227236445,0.015085581916429258,-0.03983460068387163,0.02361578687222981,-0.06032738532660418,-0.028367626807306742,0.09100225430056778,-0.011580653587481463,0.007362307041007506,0.0018075076764867153,0.0025885875416242236,-0.02378536758394779,0.00785450619121007,0.03904577512150093,-0.030766891008580283,0.013660735824145795,0.058346992171931344,-0.03135584406311523,0.01003037544661276,-0.005868146138146542,0.023989712661673625,0.05757153040010568,-0.05842068210465735,0,-0.011577855266110949,-0.0014266616831987754,0.013910844694193012,0.01290422334885641,0.006955642120213858,0.009452408945047671,-0.05186199095365418,-0.008888529182902831,0.017783221335009782,0.007079317146419178,0.0014209005063368983,0.003957926140949452,0.029976102170721088,-0.017043326743289927,0.036588063097029895,0.0027642154074491113,-0.009886837903259237,0.012373354258999616,0.012222125569529847,-0.009250088997035756,0.008837591497273175,-0.0059343160819939,0.024589564484591427,-0.0045085664286223575,-0.002438684586870468,-0.016623543737870235,-0.016904644090783485,-0.006502420460046529,0.019853137453873,0.0034940276160574974,0.01456690065282854,-0.011696366907883386,-0.0026220333327825456,0.024086985807873527,-0.009019634746123752,-0.01911366512276162,0.06809423584158626,-0.021986115929759385,0.0065967435914473516
"HDFCLIFE","1.16",0.020596970860955514,-0.005597142755961773,-0.0176788079883569,0.016786416946129885,-0.0017462284304745924,0.004214080491286265,-0.013301701368270006,0.00369129982064612,-0.01782862804412091,0.0037443838713369392,-0.014678433171922542,0.0002469537680042185,-0.015469470972418246,0.006268282490597609,0.017857142857142898,0.005303957568339428,-0.014204545454545425,-0.012433079939018103,0.006753356195648259,0.002153188891045536,-0.007602637267569723,-0.002081771962008134,-0.05657547350374478,0.013797962075713542,0.018059740118662317,0.017482238398534675,0.0034531924680574234,-0.012842075301827916,-0.007737416694872395,-0.008826091540809643,-0.0019883520834270414,-0.0056306305115500725,-0.014025590420346646,-0.005831505011051807,0.02932812071812755,-0.009670136111249884,-0.022144746655677883,0.015513574173334455,-0.021861303260810004,0.01732344426089287,-0.0398800708210279,0.019114179159561144,0.01623083859332741,0.00905053342668583,-0.006419211283196067,-0.029737122630262458,-0.055641701434935735,-0.007920479914464713,-0.0791548921482438,0.07242546086286732,-0.0649708805797179,-0.019506536823878345,-0.09785998237535244,-0.005960185784345706,0.0027581097561242968,-0.1812963817364304,0.1431492893585388,0.1098901133182521,0.0993553433730054,-0.07634309618831013,-0.06462585034013607,0.06993940873579553,-0.025943156335531473,-0.01767854433918794,0.11413690172934882,0.012964943896951466,-0.009127163339924263,0.011752224018991632,-0.012766797282926389,0.03815984637307942,0.011843960891135727,0.025832467796102463,-0.023509702884982907,0.01470733898096565,-0.030080401231173656,-0.07195495168164659,0.06926214508380225,0.002888074051540743,0.013781779885114767,0.016637884930310487,-0.04410732686230318,-0.0029231117619375455,0.02816461637700267,0.007230117704620681,0.05156202735703026,0.009902941130560403,0.0030464119359289153,-0.01907742601717437,-0.042089985486211935,-0.015555580216224663,-0.03683558821897464,0.005113441707200329,0.015898251192368713,0.030359911931077198,0.0019238805802270962,0.025669554738820145,-0.008178193544646934,0.02682296905906794,0.012383948462139532,-0.0135704060692649,-0.03177671799012789,0.0033019688936904265,0.03241242502162591,-0.002608144608989468,0.011234843182506086,-0.029115950665400705,-0.010160784915592158,-0.00009969764666099182,0.0012957119593197833,-0.004778009067906936,0.011602357234170961,-0.010480558003975595,0.031075176858942396,0.009981516148970807,-0.0013432185850477216,0.03199454765140144,-0.018247813082059923,0.02114750955725454,0.006500742647270461,-0.008673209070461199,-0.13557003515181065
"ICICIBANK","0.783",0.007172753769795066,-0.003237144060362256,-0.024403756100400967,-0.005326208346873803,0.005832831613244603,0.03869184354715262,-0.011074479092358078,-0.003054186791416074,-0.001856665513049935,-0.0037202382641855817,0.00289404200668469,-0.009494622338809313,0.0052626404608776736,-0.007104773238151159,-0.015441130581906812,0.009276153481041117,0.011654279394811614,0.006368876219074037,-0.016845021485283877,-0.0030292248847328413,0.010634327536499948,-0.012307380012649784,-0.01921437487300067,0.029580060830345794,0.015636752041912273,0.004637358770574557,-0.009508795441385798,-0.004660266461202271,0.010862417193315611,0.017693353947139924,-0.015110118291313437,0.008872435846522716,-0.007695148957431732,-0.0007384848540170838,0.006651839439649522,0.004038201645237991,-0.031352878270680944,0.002076128473682217,-0.01365476943839502,-0.015944312443118263,-0.03512171619947847,0.017797900660664803,0.017091471630441307,-0.01243320815247091,-0.007573534095191179,-0.03597620197519203,-0.05880539887857709,0.017258315448354686,-0.08590142923719683,0.0506284943487812,-0.09906086113888161,-0.08848348085516175,-0.033219910706688234,-0.04647232943892188,0.021119553010986683,-0.17847847853149798,0.04401408450704222,0.06880267755981244,0.042126873968563135,0.029068905688162373,-0.07782848825071016,0.03302490843996058,-0.03891893777147679,-0.07874015902488125,0.13762432599694216,-0.021925770508003976,0.07446307913788011,-0.03516200140450312,-0.00998030501703828,0.04475330265261005,0.09809937951160451,-0.037944349522534455,-0.08151116159552296,0.012354997824639863,0.05060276643039267,-0.051282066801285886,0.03897263716618985,0.03434898653831788,0.02945673453863,0.026184320069699955,-0.11074577608695056,-0.021298571067727954,0.0318875248551996,-0.013620369008835786,0.0028211201396623246,-0.05196925577778079,0.0032797698908792645,0.05245944877199046,-0.03150419843531167,-0.014355472746096368,-0.07499228785744666,0.006030109859191726,0.017815538864437194,-0.004089645100478447,-0.0438567883416433,0.0056692131361168055,0.08934059721865696,0.02509016731021416,0.01560350622083341,0.02199122616213619,0.026971242141442652,0.02425376680558112,-0.02522068052701455,0.026879419115873587,0.0072787667891527985,-0.03126737182235062,0.012767213779604042,-0.03328611898016991,0.008644724416208805,-0.038059284250217165,0.03578980937804884,-0.0029158768462044606,0.02939022498669781,0.033522692593661314,0.010307861808214283,0.023398194501804297,-0.07457128339257149,0.008330921705361947,-0.005413088024172036,-0.01718705212001892,-0.36078247582018785
"HCLTECH","0.64",0.002797306280104951,0.020050742258304347,-0.0052133844630718774,0.003866046213895217,0.002567403163058508,-0.009304417105758075,0.00008630063873092688,0.010596973751903833,0.013299154193370553,0.0024399266529441565,-0.004196302675184429,0.009355102547694194,-0.01594844666390425,-0.00882482907166334,0.011300400340286103,0.01405234436221928,0.018008252325337436,-0.005512596959918744,-0.004798527080958338,0.012303531688180571,-0.0016425080146507192,-0.02706249213452322,-0.02079815881373458,0.012778485785373843,0.015515789784412449,0.006883797697450041,0.013340038142474317,-0.0046075030156327215,0.009505610225221898,0.005649642536497896,-0.0026867842406782835,0.015021668962725644,-0.013190669786666361,-0.010432964994868947,-0.0021414200950642327,0.0037969293956401856,-0.021215312415439256,-0.021339176672253237,0.0019743570743508414,-0.018077461610562718,-0.06753333073352685,0.02872650272815961,0.02792433426374979,-0.0034509951517439938,0.02361927003606635,-0.017696045041883147,-0.04547867628290691,-0.006753698073697284,-0.08094251139350753,-0.0009122247070596718,-0.08561567118516322,-0.00011101800582639086,-0.03639186023692515,-0.04789863383064659,0.07606723141786279,-0.06237360589588711,0.0596907653085818,0.03517707770708735,-0.021634683434356945,-0.03808353100797204,-0.027052121512794035,0.04152745035723331,-0.0523602366159329,-0.018740166235664164,0.11175458277513474,0.026487855109103526,0.012848187021654732,-0.023025266091469123,0.04473543326159467,-0.03968670841476945,-0.009787929202147614,0.0323998622840485,-0.030425576118868012,0.014702678700017532,0.033088170372657,-0.02009623263833558,0.03204437077324455,-0.02483951681640608,0.04383350686495151,0.10533813196281001,-0.05390486928197957,0.011959253964321912,-0.0024982159392454234,-0.014159093384684183,0.012994577205066372,0.017650435446017472,-0.00028418781113588256,0.002559697860430631,-0.0213712557718727,-0.011981756436010255,-0.0009780351874112956,0.014684289135861815,0.016401371900583755,0.015377256485784837,-0.008319966427198656,-0.012066442174001489,0.013263369578232816,0.022036032556724976,0.014005306564282508,0.017264750233050415,0.0008040675662439655,0.004641126679557548,0.028695855263724934,-0.005181794948744017,0.003993384687459421,-0.009338628315840545,0.010212233288356746,-0.0011232691332899146,-0.012628578286585732,0.014367025415621203,0.003368140205914397,-0.008693398740970597,0.005383364557004156,-0.016149936427175514,0,0.018697359750131405,-0.03558820713118456,-0.01706569975699262,0.022452627113186248,-0.015469579967772614,-0.02866503880881588
"POWERGRID","0.299",-0.002045900484274754,-0.010763827024953916,0.0005181842856172247,-0.007250236100096581,-0.005998855640327366,0.012595049930088451,-0.0041461292715049,0.013791365041527696,0.0023100332635818165,-0.00512163149582073,0.011325611475717652,0.004835804326868619,0.0367274455403207,-0.01978980180544921,-0.002741794763508501,0.009497562997556712,-0.02475856849846573,-0.020055880087550583,-0.013212441554388462,0.010238952800500007,0.010394911071685994,-0.0388373372669251,0.002675939306921513,0.0373632551023256,-0.025726826072497277,0.0187483478568098,-0.012960064026415967,-0.019957936678935438,0.015541188981350621,-0.0007915470393630996,0.006337478124192617,-0.03384930815336801,-0.002715998963810051,0.007625296430842643,0.013513493418027184,0.009333362793180235,-0.016644616475460557,0.000268611475197014,-0.0016115837909686894,0.0032283703712991433,-0.026548694840987895,0.011019268026655999,0.04468660308495787,0.027908244572859845,-0.0055823808516797125,-0.027302771405100422,-0.0506295915232815,0.0024868442834106563,-0.08434393914847552,0.010836809317693784,-0.024638783841665936,0.02564104591142239,-0.11018528438766009,0.0208116528364451,0.06863752771632729,-0.02702698142196523,-0.0372549453672685,0.020027196433035032,0.053910190957680425,0.010419879385598612,-0.027187568743729247,0.02216523734845053,-0.028284141091468807,0.010349253091832962,0.011523686044681618,0.002215296600801386,0.038522169497900695,-0.02736398375138898,-0.0025007487023224182,0.02413035515975974,0.02662185527674831,-0.013412837352808198,-0.01722056440672172,-0.002766700483920696,-0.025893954754118174,0.007278521215181717,0.0028275452393998575,-0.015037688840277435,0.00540721516057666,0.02530840898510598,-0.018512801866643034,0.02892168552325942,0.01069359178024089,-0.02206767184075659,-0.017001550218540714,-0.0012578941101321732,0.028337575988644746,0.020514298827960496,-0.035103435996796356,-0.006218871909759124,-0.03316653190887933,0.02297738489006327,0.0025308112718129797,0.002839938299557613,-0.01919432119907363,0.009624586832397114,-0.0012710846397149928,0.000636351176062777,0.001907839472296551,0.008251363586648927,0.03903045781392771,-0.0030293688200271475,0.028562726335045967,0.01299849025694229,0.005249388753278702,-0.010443862574587875,-0.0029316758635786104,0.005586598844845676,-0.027485359886605016,-0.018340399787283607,-0.0033691051774057926,-0.019668034642249303,0.037304011458766474,0.03596256150999236,0.04200708585511711,0.04955199457606121,-0.047746092691928185,0.004761984292158724,-0.0008364185932607882,-0.005301345774475033,-0.05467891712630146
"EICHERMOT","0.0385",-0.021516789260882244,-0.019050269066885617,-0.015521994696175311,-0.0027133434976041905,-0.04381886886821238,0.021953355677573373,0.005110938095532786,-0.007478141057785625,0.010340177106048724,0.0065935766489792855,0.0441895962505664,-0.01132982398351995,0.0034238086105852716,-0.014439466175620377,0.0020611300424738374,-0.008734566023907207,0.0007219618110633482,0.007854410797378576,-0.00040295798029774257,-0.042420101852915434,0.007334521491968673,-0.002507283690049408,-0.020005676702645248,-0.018643657962909232,-0.0013171643518375548,0.04640025512130392,-0.03211684986081815,-0.03440864299295623,-0.002513466313643967,0.014129899874800778,0.004014942362581787,-0.033675558723996586,-0.008960838712976062,0.012111621185594291,0.006119281943818887,-0.0014092964022454591,-0.0476799274597658,-0.023264769673651983,-0.02141190137983412,-0.006032544428488507,-0.026452216495798247,0.02476161559077036,0.05143011194752861,-0.03545311935784546,0.030207100496330658,-0.001794613640583747,0.008019777509733627,-0.007391253702865387,-0.04933082079819867,0.04706178616769941,-0.06668136631480694,0.0344009947151741,-0.06487854433304178,0.023279049146328803,0.04199643796294579,-0.12581003437860216,0.03667034709067332,0.02168424472896538,0.016629247950659946,-0.029692415577686718,-0.06890454002206156,-0.01779038012992659,-0.007200674933942546,-0.02472774394603431,0.03279939866405306,0.004772449691902048,0.04436676366302038,-0.02486477690098464,-0.006395286766750216,0.00424338482114166,0.10462630904875378,-0.03764291839477841,-0.05061060922143418,0.015435313860457552,0.02663592066912622,-0.034055226008787506,0.03019302526986187,0.023386543359617134,-0.0007817428494599028,0.027403552750429976,-0.06521623657936225,0.0045167293985261345,0.003547940058453771,0.010865921615496977,-0.010820480105166716,0.031034215782653994,-0.008538087363523097,0.007390480083504437,-0.016802554566498044,0.004824734935361127,-0.07882494377679995,-0.001693807658375314,0.054672930322989914,0.03016431302544521,-0.011726638616039684,0.0634014395150295,0.010928620228097223,0.08482724410409556,0.019209768692305344,0.026425504200989415,0.024167417372366103,0.008432901430478328,-0.015385135657954624,0.01287558015728869,-0.03432905635353945,0.007818950854827436,0.0037118139983579506,-0.037875717578521984,0.02520857179637449,-0.02226930736087472,0.013784875275996627,0.00525456610288,0.01899757413143287,0.01363634386143432,0.01381032417087124,0.01717548497252634,0.030506763978494243,-0.018777558167281255,0.02115452728058028,-0.019482061180002397,-0.10973452729126143
"ULTRACEMCO","0.0606",0.04423123152252302,-0.006030790576721011,-0.014718534810271609,0.020446959773573182,0.018116010639550758,0.015987687994547164,0.012898872340757999,0.005422345525363828,0.0032670786960840572,0.005174730176890774,-0.007577900950022922,0.0032197276275587666,-0.004256994335361253,0.0035589338438041795,-0.00147201312379341,0.011045432608856712,0.02570476657549241,0.007366380305340481,-0.014518096957675135,-0.008862906625707196,-0.017994010467207302,-0.01558178002332918,-0.010291880385299245,0.02370357187565258,-0.0005475963835868728,-0.0015430261341766295,0.001545410743341643,-0.01298137688930866,0.011940028520855172,-0.0028434373437593993,-0.0007297132298493395,-0.0036287783219372547,0.0034954131814986084,0.005809249028939099,-0.0005810170172650294,-0.010060098879591743,-0.007475016998982458,-0.011604125460523442,-0.0005755167896084499,-0.004572148961910755,-0.023613605560606696,-0.018461489885578934,0.03819683726994228,-0.029558861757759063,0.007848424146631599,-0.00896423623113999,-0.016915170297557968,-0.025370113568439878,-0.08261127892709962,0.03422948838238507,-0.0714850750696905,-0.01353023437267223,-0.048091757068858286,-0.04162182395144773,0.12880401788946624,-0.14522155002681858,-0.012030057707077635,0.06974585104539904,0.00017029788019724956,-0.026492928190975384,-0.018354875044777456,0.05150855706136137,-0.032112513919777784,-0.03153792701013607,0.07821533992541727,-0.0070285051902773486,0.03365630559264552,0.029723277975152684,0.03867450941266604,-0.01695756723801871,-0.0014269309621459658,-0.0049518453740803135,-0.03221906103268735,0.011136377554791129,0.00030518158909504544,-0.039001236504832844,0.015931259406850366,0.009923728820352863,0.011888687450805117,0.029102994269296998,-0.05282518634369986,-0.018894077150857665,0.012194101630538301,-0.021522628718281353,0.0162779906547299,0.016622314416950647,-0.003392053033412346,0.05892180074600271,0.017706645490405938,-0.007300221481192278,-0.07684573036176934,0.03940681319874098,0.02627870323132229,0.012186450034090331,0.018885629436750075,0.04041002284649897,-0.015478126970166527,0.021945608269840995,0.02511031960377142,-0.022830660164407938,0.00486155764196457,0.0056464314117853735,-0.013485853265420572,0.017258650877988675,-0.023607419887121815,0.003480550719656775,0.00029010572806687635,-0.02308535701586834,0.022578237253608947,-0.011547966821663544,0.009386355299335312,0.007738167936210974,0.009201433560125523,-0.0020549725544959127,-0.002893457634632321,0.030730047672767453,-0.03073957857629495,-0.005037145099963333,0.015319464902753177,-0.013883878135055287,-0.06346865358348885
"AXISBANK","0.04",0.011019099593280972,-0.01849527680061767,-0.02651593227451442,0.0034566194262012242,-0.0017223561832587224,0.025327778586525244,-0.003769250703360668,-0.0035807897069348557,0.014239218405699586,-0.002139372334353449,-0.012059493698526987,0.0035264297628387637,-0.017164497618564884,-0.013201370269450195,-0.006967670248201114,0.014594477645766213,0.01991704621585398,0.0038648976018167383,-0.004187741419706133,-0.0025775274382888176,-0.0059163217761815465,-0.0021891319847422482,-0.027903436070966268,0.008533729725364706,0.012657325584571678,0.01781648315937964,0.01519779092409444,-0.009423308959518487,0.011941758079396196,0.0070671214170280865,-0.009864299512785507,-0.015110976166660744,0.0025798023273082386,-0.006432827522953113,0.010086503281747086,0.004385669055442918,-0.02532577709940895,0.0045488837789516325,0.0008919717517152657,0.008842817323808436,-0.05238837952297603,-0.01878671420517356,0.0043116225583150385,-0.007203684830328176,-0.006303118903586099,-0.029871661411286856,-0.05185134243927897,-0.0067356463623663276,-0.12287071701898905,0.04703173086602624,-0.10583681958756408,-0.0398151784447257,-0.03051089118513495,-0.09546944987143886,-0.00023352271690739763,-0.279107793305007,-0.0178195370444252,0.07801416583422421,0.04467566294024727,0.053749286559974394,0.023349531331436715,0.02947169980550485,-0.053693947502679695,-0.09256930783340678,0.1948071639836142,0.006429214249091375,0.0735913819951516,-0.002856079273795608,-0.003938475631902097,0.012580877434879213,0.1331203446337811,-0.04772342558165996,-0.07742080790759666,0.024961369671584816,-0.0025513304397257234,-0.060690562322495284,0.057804121500979834,0.06587883271295929,-0.03589857430080278,0.01320880827225827,-0.09462802131058502,-0.03426014948158752,-0.0003855884228389646,0.021859328446910745,-0.03850514175293864,-0.00654364632869647,0.019233351456538053,0.0701822242939796,-0.029106250707653835,-0.033337539512651206,-0.07656672483503382,-0.011984358805078608,0.022566995768688314,-0.014620655980603425,-0.05669092751391962,0.012909854365177418,0.13389983545722448,0.01020674988896961,-0.015347230624519457,0.03117287860623901,0.033127581539475925,-0.0013411809372372303,-0.03711386190331629,0.027767165005644308,0.06155937073399555,-0.02370717537950317,0.017617008996819113,-0.03275236776275794,-0.01318179234761315,-0.045098024256089136,-0.02066226433376393,0.02109820093852255,0.04055438281684915,0.02873703520444332,0.031411117340731716,0.031384401235743715,-0.04282655305171323,-0.006946854425652518,0.007469750546124979,-0.04719316940685559,-0.4593295295939803
"GRASIM","0.00467",0.03212116997275344,-0.012657379999815681,-0.025969715712134852,0.007191260417950971,0.0004715608133543263,0.01972660545300922,-0.0013864993667878764,0.004429707979457923,0.0003950240389143373,0.008553777764993435,-0.013504724746938628,0.01613649058413709,0.005922501734296223,-0.0014880365957371077,0.02753839121140745,0.020179114537468085,0.016194819989409786,-0.01082733304590524,-0.005165321162034513,-0.008159272695033762,-0.013772875360942157,-0.015608206023570501,0.001925785295513857,0.017042502362676085,0.007811537245517516,0.001375140997048272,-0.01666660278851143,-0.0382149761272842,0.0023100966346928163,-0.005202193601204001,-0.004104069026459585,-0.012229984234014335,-0.007603710968583867,-0.018307578746918716,0.04593177723019352,-0.007726393014052388,-0.035139038036256294,-0.00620781313221271,-0.024430919392889806,0.014299975896168457,-0.0359822721715211,-0.02728461619080579,0.04727348047394731,-0.015070352430924909,-0.013343010053696855,-0.02241661493617882,-0.04578604105123501,-0.01473360219157972,-0.10459824429815236,0.08055735142915894,-0.04636739104994727,-0.03683480358010448,-0.051471304864392574,-0.0683047409220099,0.07809800654533988,-0.18162074738509162,-0.07651470322199874,0.1280929935843395,0.04442222982661376,-0.02227405724003092,-0.022564549763083606,0.05682578088845282,0.00010497655953375323,-0.04504878576533167,0.14042216297557406,-0.011474299338474755,0.035017584433850245,0.02629348435421947,-0.016712553861447897,0.015595794225058324,0.003310332118363065,-0.0438089074840537,-0.023195695184059506,0.0016681120384225063,-0.01949445950264464,-0.002797553189949205,-0.001602998661891701,-0.0016055723922879172,0.009046099932434926,0.005877036238227087,-0.05119826363788307,-0.015864650258598432,0.023226126243573057,0.005804395677686312,0.002267055320388958,0.037322686008176745,0.026761837284825805,0.009653364173646385,-0.02208621551000938,0.012612327708851056,-0.04257979706623675,0.03237192305770417,0.048842345807298994,-0.018440835680783283,0.010247612176327726,0.000563652217239573,0.06383180326927786,0.017382831885486342,0.02202943776426356,-0.009674097118831292,0.02202222868313104,0.002431483010043276,0.012211428947638417,0.03644032024028168,-0.015945118879820797,-0.008506911903229804,0.0046576057235459285,-0.03928430993700022,0.0192178100252606,-0.03330842121680008,0.012373212139220222,-0.008911865449748759,0.02440696489128674,0.005266657447988535,0.027193344713592135,0.007691065749754138,-0.013979218326357162,-0.010103506460448936,0.014322212017861616,0.005031156238188368,-0.16599330995707418
"BAJAJ-AUTO","0.172",-0.009237879777342452,-0.01568404546723709,-0.011197746217635281,0.00009876139272716912,0.007011282458828452,0.008645900095712561,0.005023214177501163,-0.0023055786728543018,0.0024401881408471758,0.007076970224710622,-0.0036656503497324495,0.001927974891077999,-0.0046182358957392484,-0.00214262212794071,-0.006667691899390287,-0.0036405670770109154,0.0029198995096492326,0.002748750556612962,-0.007039571521613088,0.010111491099064234,0.01735205178239172,0.010983956861885249,0.03284535129259969,-0.03705282687997498,-0.0004110316838805494,-0.0037007256126957875,-0.004746373078984102,-0.010064281196708274,0.01358226619305018,0.0002703150082248353,-0.0031466607077761145,0.003188396060281359,-0.02250185527019579,0.0022434836702955154,0.0027250010717272248,-0.008217658552890845,-0.02772792568449557,-0.011105527719911088,-0.0002713414132776258,-0.003393770439999811,-0.01586873853036671,-0.0338408524046528,0.00750319930936762,0.0071501532175690255,-0.002895112541490018,0.011613983917501585,-0.05912138655055253,0.007072473810870568,-0.0974899738473586,0.007781519548682612,-0.007445610326678792,-0.02953563557696151,-0.044682751592701804,-0.001106455667934538,0.03493951248952885,-0.13680149548242412,0.000826625788832622,0.004955721273493609,0.08223968031655338,-0.025345963884084395,-0.032506270708914535,0.017944342522902938,0.01421619522703178,-0.008458922934124896,0.12110635467885687,-0.016819849053734955,0.08665298846014319,-0.015763830584974384,-0.026026629356444494,-0.0006851181219754431,0.019540979435399175,-0.0003572088983497425,-0.023146805574532137,0.0242978375860862,0.02141024171840872,0.0060478455981362225,0.024699899781892336,-0.016781422260051863,0.014388907689433916,0.04967695069749299,-0.06905429920809024,-0.007923286566911669,0.02024519062225124,-0.026417479316420144,0.0051941575061308625,0.06087100185105025,0.02437363037758888,0.02554345050089295,0.0024665809880378272,-0.014448710006292704,-0.06988667204516613,0.01285600043754028,0.01930815375965181,0.03229404658635507,-0.03279871776592125,0.004346587432697016,0.006121196395150563,0.007537133868303702,0.04249999999999994,0.017635140685528555,0.01370411056048253,-0.004542110392666494,0.01216142086796322,-0.014535433906069671,0.008914742486298144,-0.003534441124504989,-0.02649443912338019,0.0004968709261413061,0.023394770143386142,-0.019265623850990624,-0.0037016354750714726,-0.010667843999665553,-0.004127183519733629,-0.0014934567379747035,0.06782952707004425,0.0022410583362514032,-0.015687474058218444,0.0011358421055551115,0.01671724274518133,-0.002824695696889744,-0.05148697536046842
"Sum",0,0.21796858167809713,-0.16649195794871358,-0.39176056908081797,0.11687437450010069,-0.041083367279738076,0.41551929123945375,0.0623303941845894,0.1739084581486934,0.05408131059866539,0.00569338646685103,0.013716772305152192,-0.07102601504383295,-0.17048723526280643,-0.16600356284627701,-0.08263972584206228,0.1761624066233037,0.17003187981451134,-0.19424351818925745,-0.09766555755643405,0.06827495126015169,-0.12612961454549437,-0.2517473360780201,-0.07029029658818263,0.5109827242216218,0.20305218246462106,0.13748063166600047,-0.055621780573113754,-0.1785315076635166,0.1353573827056668,0.12723391246813756,-0.061385476558741506,-0.17979402422255505,-0.12420135746325175,-0.10965165146693498,0.2684394424718222,-0.1197568694925943,-0.580536022372086,-0.08437935639699258,-0.2378299251209172,-0.06484441150111837,-0.8773173410538041,-0.06981941996761021,0.5495743251730788,-0.08615374505134642,0.11651012384895518,-0.4554559026067909,-0.9125194846902439,-0.18093735604486913,-2.1805317629269103,0.6937836154860765,-1.7580251475060649,-0.5213599073174053,-1.7186020431117655,-0.7768560962977757,1.3729182166868306,-3.449775462056681,0.5875243212414804,1.4576510906595177,1.338821678881188,-0.17273689237526454,-0.8338496558015865,0.8341431818737775,-0.933008414424111,-0.8248172740089006,2.604523069361578,-0.17439691287112824,1.0241240439413544,-0.13837621119259808,0.1786918752567166,0.2411401825225792,0.7383025756935084,-0.18168895022444573,-0.9234196712182439,0.46649855311664773,0.13830206360547528,-0.5926954841305151,0.6535147731230571,0.2968251257783121,0.2616737744230834,0.9779009841377341,-1.6570425079832498,-0.25358594805451945,0.11958855518952191,-0.22931273443794808,0.037367384657305276,0.15132854589075084,0.12815058500239962,0.4338110375790238,-0.5064800430279531,-0.08674653530357929,-1.1579837445881742,0.0958687857034513,0.5813534275575376,0.15567492325380228,-0.07712904514356161,0.3292409409329336,0.7525059893660789,0.49819577160831185,0.4267077542260483,0.5520676581470211,0.33505096727044376,0.18675345805795698,-0.15819451216965297,0.3298390814116012,0.17322045094105404,-0.2911935818157818,0.12286893847676765,-0.40116336110053,0.16387239802522557,-0.5322046445954313,0.21756678514547187,-0.005541136691349395,0.40541551701452827,0.19162473714952183,0.3415156304428245,0.5771125213510987,-0.5427251267955056,-0.14541187890786472,0.3390407787293641,-0.23752165926820606,0