"RELIANCE","Nifty"
-0.002646805109696755,-0.0020308385618384604
-0.010953592868628488,-0.029963988504258552
-0.04538444419021197,-0.0031067936898908277
0.021767695410495322,0.01635372426868786
-0.01433922262509441,0.006059844238869928
0.02167322711575161,0.004647232784114913
-0.011623742584262277,-0.0028354690616365233
-0.008408766574349223,-0.002632790921100008
-0.009725434185676032,0.02616723439938259
0.03509192190589458,0.0023132877445660644
0.0063060570801424945,0.0043341857742917505
0.011440650854849686,0.01694591211193803
0.02660148856264734,0.003898568531710234
0.004097237698372135,0.003654320522366598
-0.025365290179221817,0.008468876513875734
0.0035643704095914613,0.00847711466279042
0.002424125183333799,0.00042644127714500427
0.02002138625898007,0.0042684007529854694
0.02486635001376856,-0.01602363896242265
-0.015224916506450628,-0.0013054977908195536
-0.007866713623185058,-0.00464348377752478
0.03254217011930848,-0.003751433010892481
-0.00938563264031589,-0.001375563090404897
-0.005490840872584144,-0.005814064862914957
-0.014939970124720921,-0.015552409815521176
-0.01450710819264998,0.0045975356157835654
-0.016393410421991838,0.007220854166756976
0.02120188543056012,0.009753739270961043
0.009381570733549442,0.010784555802697318
0.009184447681030824,0.00043718232922614075
-0.016021978182932013,0.0067825665516733375
-0.0012737052096833679,0.0029540987422683684
0.0004435834685391084,-0.006936269417846763
-0.03209343651592143,-0.008903438856326518
-0.024796847012738234,0.0008166138973679614
-0.011744635937432123,0.000587803292570309
0.002020357074467137,-0.0095127196099118
-0.0013639701132012406,0.018511375396621055
0.016092642049854416,0.012680098134219477
0.010168929864319465,0.004410081781896336
0.04229098033206738,-0.008181143142976327
-0.014376222752733009,0.001692278452961834
-0.0032662058822859486,-0.020251181785124892
-0.01728911694406587,-0.005104655836925736
-0.012073820162820591,-0.0013888361833120995
-0.0037245911856277386,0.008741406938594614
0.009171035432330032,-0.014613719234275296
-0.015860206039943463,-0.0016882552108930973
-0.009410645410367924,0.010442238339086678
0.01751574309768324,-0.004287301231876134
0.013771378549374796,-0.0059003669962763225
-0.01439004684859078,-0.0073830435643865095
-0.002394459209958756,-0.002333477124643905
-0.014225490627394479,-0.0009297495744854571
0.007126323231736255,-0.0014222709629174983
-0.003596841137528994,-0.0221139187781
-0.018463900629397286,-0.0000899048764224083
-0.02122256431878645,0.01809041730724437
-0.001170568790345544,-0.0001530568903414451
0.018809787880758,0.011217759981156518
0.012167077322045694,0.00857771332071617
-0.013635450000827096,0.00004612223951402989
0.009943453859255713,0.006246964564525103
0.039683233442036496,0.007332623144788592
0.033721979621213954,0.00023350808761768213
0.010334070445280043,0.006110279588982049
0.02006966356926571,-0.01441021111614224
0.0012466465744586167,-0.01156582778143993
0.005088437791824513,-0.018347709853590428
-0.0016157897384913805,-0.00832727030408772
-0.04445151254049003,0.006200972218077579
-0.010387986852637388,-0.0037249711464974445
0.003765250298301577,-0.011079600295360086
-0.003069076428152364,-0.011011130911170577
0.0021094242246248204,0.008741362792442713
-0.004096034473045555,-0.005533650087339235
-0.011538872594372675,-0.007069389241178434
-0.01756818971108466,0.018389072297255935
0.014529260865978116,-0.0008581892393319664
0.03316529854404479,-0.027363997974243243
0.0013468787083553999,-0.004903074595529251
-0.013338648767342372,0.01665572812826472
-0.010792323403599369,0.01632790087285601
0.04578308992591618,-0.023819081108675373
0.007024950282829093,0.013350641679427578
-0.03041469455014686,-0.0013660455389348633
0.018878781958021732,0.004638677694542836
-0.00779575465573791,0.013470839079329307
-0.004839412851776434,-0.0009553778371973114
0.020138491878302935,0.006885251750655042
0.004486492588247329,-0.00026711779894933663
0.014851099699773905,0.004506613822586324
-0.013313451261983926,-0.010485957826354059
0.00791751219706699,-0.0036916927212447916
-0.010344640108111104,-0.0005695887836233296
-0.011067622327345848,-0.0018716686741803124
0.000791270575052396,0.01378175153263604
-0.010730798709798742,-0.000029643154317469506
0.0013701455423948225,-0.023353592485681356
0.028791391790942,-0.012305070097009135
-0.003989936608602626,-0.000547036415826506
-0.0025594737017924827,-0.0019616767653562856
0.01824060305635322,-0.008694134263083547
-0.0054233925722105844,-0.0027038282807972467
-0.02456622265854814,0.012720668907886142
-0.0019763493122547694,-0.0195828755400476
0.025008321417688287,0.002203268379177302
-0.03162945998683748,0.003883300602608508
0.014478722185208215,0.004167746466569173
0.013373096543778043,0.005498738840636497
0.002439705343927984,0.010263830168687968
0.03014545281990098,0.006159334572503213
0.05127789889662449,0.015580570211586715
0.018080635447694386,0.003405944778791608
-0.004966695881647034,-0.0024697336986115753
0.0033275937830329156,0.004443375103890021
-0.0041205385974282605,-0.0020124304596331527
0.013775299516168663,-0.007481025274138531
-0.003832585459422656,0.006022745557451826
-0.009843128522818642,0.010103340503077082
0.00933548368919656,-0.0009640797331137152
0.005549457612326695,0.004736586359577347
0.005170755018329133,0.00439015171462842
-0.003610839896858367,-0.0013318922430641084
0.008290282068419903,-0.01736029555215228
-0.012111600192927034,-0.004125289314835068
-0.0066285039774772155,0.0038422055158737205
-0.009231289326688654,0.01185335753166997
0.01458375438868508,-0.0006561479190562965
0.005190626448202912,0.008244543975540444
-0.009136140551685035,0.009884089482085155
0.013379562664851527,0.00020908382743729047
0.012411521531817075,-0.0007432666411863853
-0.001953695687568079,-0.008601200486173095
0.002985219690909082,0.012198887691611706
-0.016540603834012665,-0.005061700932414368
0.042270400025499796,-0.00794547038922521
-0.004855382500781086,-0.018840446711441892
-0.019372388797267652,-0.0028704700394689632
-0.019218671780453545,0.00456396845388036
0.004874012359501269,0.005582056356499482
-0.014105508957162538,0.013185994273346446
0.0041666999962564205,0.0011954032319099058
0.001699797735986419,-0.0030608991632820456
0.0005988469667030144,0.005993941652052864
-0.014414653960372338,0.0024160033063777373
-0.0002530120171031479,-0.0028002981731799353
-0.008909154474341947,-0.0045536279313066015
0.005516024545469343,-0.007418833032368831
-0.015695573651648684,-0.013341379075136404
-0.0029930461130001705,0.0007664473528848139
-0.02391305767833893,0.019471412676546625
-0.010128404477517809,-0.004842373519467848
0.035999518431238546,-0.001268092464260794
-0.016805575540718307,0.0033780685944950458
-0.006942200399302227,-0.014408266524589562
0.011121575267325436,-0.00869484995969073
-0.04012136307381189,-0.05915098084513259
-0.009112705061426784,0.009181738378793745
-0.0863483697599804,-0.011274391209092361
0.022421873685435002,0.020162104638065954
0.006189795599524854,0.0066675471225543384
0.018455675973086533,-0.003830365005164931
0.003739291090072542,-0.02326467596710845
-0.018913415587746892,-0.008842977598256849
-0.018752213084631333,0.013735907736166904
0.011549735983701096,-0.021468770931867616
0.005061434716877683,-0.01257339957959947
-0.02102237070886697,0.017125760483082453
-0.003230075185676711,0.016954456215653745
0.01848299441966087,-0.0039009540861159927
0.029990486792895545,0.00015404360304868824
-0.008065895164437112,0.010649249236337534
-0.006978044533158154,-0.005481266728063782
0.0033683284439675874,0.008947363441922904
0.003646468860253814,0.010475810818458879
0.006401398887641434,-0.0006013360301345736
0.026187656068695976,-0.02069675646183673
-0.01932100266856183,0.004345903097798304
-0.03439241539607934,0.0028740693529217144
0.002889468417942562,-0.009252056300438414
-0.01528784675995598,0.006105880011974896
-0.0037021182080703543,0.013463733329775537
0.007791441607697836,0.00025160714371265207
0.025631798264250535,0.02117998026332083
0.0027832665770669922,0.004138299829661292
0.026945713194388446,0.0030050657182715892
0.011317596314230391,-0.0058759268931250835
0.01753815321214024,0.007423729605992479
-0.027030052634849817,-0.005629033530207324
-0.0019683076446855227,-0.0014612582711326968
0.0049585227505353005,-0.002926853232320899
0.0020745296857157215,0.008830905519977877
0.01046344161274189,0.00717041273916489
0.0008305306043045428,0.0044790896316135665
0.012282865749985558,-0.0016192547858630492
0.0532357279958631,-0.001204383570967761
-0.007057556380639428,0.005301937657224834
-0.0017770631210502167,-0.004207172507772362
0.000680749505205231,-0.003347163887719135
-0.013394172279863156,-0.007494345014479706
-0.0034999324336063005,-0.007275576853003581
-0.0027673000687941313,-0.005664646346349474
0.004322567786077689,-0.0018597039800940113
0.007120102211939135,0.0012297399314105412
0.0127677449784124,-0.002543203382345868
0.0077099125321838475,-0.010540782311950877
-0.016439253825627033,-0.00014460401005636587
-0.015452481984778466,-0.004915531342610652
0.016869506006853174,-0.016657834767500844
0.009292434770626686,-0.0027109275227670594
-0.040052124626207115,0.005713562175915474
0.011162287077346716,0.003964556479321757
0.0013396997534206507,-0.01349273722414323
-0.007010574529974084,0.014349853565563233
-0.01697663504820401,0.0017595620158744893
0.024945215669534546,-0.0009291362215197783
0.012944629648911108,-0.0022486099945854842
0.007287412383303392,0.006665267167220438
0.014626358480006015,0.007471066168200436
0.02164938322735116,-0.0009379927250294947
-0.009710317656537218,0.002476280142402585
-0.012205730189629223,-0.002960414875123619
-0.0012407297858452674,-0.008472731019268112
0.012475368705616325,-0.01045885455198181
-0.000766966727408763,-0.0021203048365810244
-0.012024099987790077,-0.00820301694747153
-0.013879506115917534,-0.011581883576552326
-0.01171156418718847,0.009300466995073847
-0.026570382429145015,-0.009481552438262469
0.03761329573191417,0.0052033203010796785
0.002735851960718496,0.006647028228073146
0.0022560546819873186,0.006492747683555075
0.021777900952369002,0.012056689827188504
0.0028179011241039028,-0.010504363264078215
0.0317274198084189,0.009340436124764389
-0.017628976987447434,-0.006171472891723509
0.0002015752168250856,0.01025546756334553
-0.004838179350497116,-0.0006229876719936056
0.0167122469304415,0.008154139534802306
-0.0032377018317324624,0.00047952316952909517
0.009844603912704834,-0.004124151898522594
0.004948562341332083,0.006344796327370573
-0.0107347041795458,-0.019512139672656068
0.010054684238702035,-0.0008535036728700931
0.0007392619190907732,-0.005607175987295942
-0.019746900695452478,-0.022309804288851615
0.009896468141538687,0.004366937601780198
0.02691144894134638,-0.004933334146767779
-0.018358889405655523,-0.007079766561497533
0.01233660927803347,0.006937152757246082
0.025201014147371994,-0.0033851815999878685
-0.005848140006734916,-0.013135548583142975
0.030034927992831383,-0.011670091596395106
-0.014115324930894794,0.01144063365528498
0.010973554780001792,-0.01691978471599055
-0.05259491402267376,-0.004446390333827606
0.02630682778691906,0.020015720358270966
-0.03741857994743604,0.001845712216328285
-0.020257788561707228,0.0002151782872975076
0.020270282522170602,-0.0017612985109744061
-0.00019917959334610672,0.01870793974576278
-0.0045819163243498015,-0.001004767628419061
0.01756141658220295,-0.013287592878317099
0.018192545165624577,-0.012574525347161839
-0.004925600447598305,0.005732320372436472
-0.028292832120840536,0.011493800378173945
-0.019727193714922934,-0.013599777899510175
-0.008508289230397547,-0.012054527056753143
-0.0022095829336066606,-0.011304156887409142
-0.01014531066834137,-0.033170737493480415
-0.003693759141384043,0.000659384482627847
0.005378656713735405,0.026070949500593018
-0.039578410637208086,-0.016012982343513327
-0.01946884608912376,0.00854115489660559
0.04434383821115296,0.011718420009271747
-0.01711109552239168,0.0026419160844022667
0.023695610586308365,0.003300600492320445
-0.01312198787220248,-0.01727820021552813
0.004520902138353762,-0.012778532043773945
0.019007797646836178,-0.006853134578146838
-0.013145564782666866,0.00848562550833627
0.0031590220052313,-0.006074212454212504
-0.008975008122239843,0.03366943224472979
0.006620030285293405,0.020291361056286178
0.017151638281914745,0.014486656476968274
0.015155408360487342,0.0013042431205768333
0.020584926591894582,-0.0000067188574137201234
0.011333001719335422,0.0062121760265285726
-0.006368083214252183,-0.006060955439853136
0.020468934373861616,0.0032126384476451587
0.01431366752991706,0.003801470567856101
-0.02875126294308247,-0.010366427060189039
0.0027181155944062774,0.005113516540073921
0.0051749034303674585,0.0018402807134521955
0.0007355909581751944,0.012219591933873408
0.0012248339438453828,0.013137204456995545
0.015238515501541068,0.0013823411753253218
0.011023624756575189,0.00020740359827417615
0.009832655664824167,-0.01314065988466275
0.010170587858979226,-0.0023768693473581034
-0.017798311421627234,0.01819141700671322
-0.008550331650238574,0.00041365535724182534
0.015533115169713065,-0.003275883557458525
0.010422287468115616,0.005931505844853027
-0.0017670068220879847,-0.020054597864443715
-0.010285081450563149,0.0014664749992157138
0.0005800033831016186,-0.008917360263988159
-0.007825778259423105,0.001159485555976693
0.006621581377920885,0.01538009635759225
0.003385754985135614,0.004894842333823655
-0.0008676866614165315,0.01835528786938803
0.0038115109498038312,0.008184244012008537
0.00682494791411318,0.000006292720984063887
0.017806017343150293,-0.00034115985975556384
-0.0012194332118467726,-0.0016114660946576285
-0.025780721134345867,-0.005601762319742718
0.00371148791902287,0.013698206844151316
-0.0021130934928448503,0.002166364239581508
-0.021223269623226456,-0.016623003249295658
0.00004911149931022899,0.00032492975246100876
0.0024092918322256777,-0.0055924869538758306
-0.02226802613574735,-0.007545562041464174
-0.014046386151072355,-0.005221401187556519
0.004324839948206103,0.0037565701555860313
-0.01129749243233728,-0.00026498674940206204
0.0023570328703181537,0.01714624218899483
-0.0029137213733831948,0.0027650473286063818
-0.0064599388924180354,-0.004937968503626312
0.014603483649794977,0.006567816094887053
-0.0005596255176282038,-0.010822236983010889
-0.007276791007024618,0.005867010272040192
0.01783869334470508,0.0038164297299875965
-0.014756205445485877,-0.0026106641320533396
-0.0022491283120011523,-0.011022661712956024
-0.006967475477014227,-0.004329689778799671
0.0014444844527094793,-0.0024065950334483483
-0.019937164706105584,0.002302441899738898
-0.017872115776878333,0.024009988791500844
-0.004495909510866696,0.016981940750889133
0.011236633100707142,0.010781136859287752
0.011430662580947638,0.002678807876091663
-0.004573200345054076,-0.00224978932567098
0.029413378078570085,0.0024325800862253664
-0.006155709239065517,0.004767755190470214
-0.011200680321866585,0.0002250421229132562
-0.0044369766695543066,-0.002402442641649999
0.0027789639564119667,0.0079746363642525
0.0035555725001170197,0.000798360825302368
-0.005053930777586909,-0.008394751347686318
0.00026179003184109527,-0.004089644253626705
-0.0009947247819161674,-0.007276541565709557
0.017870268602333265,-0.00021576701832846302
0.005714935507140825,0.012054669875339074
0.004504870438555826,-0.008023982177439841
-0.00494337233055349,0.003617626754291724
0.008553102504351175,0.008359624411871543
-0.008429844729204014,-0.0022576450810221256
-0.0014339058598121554,-0.001970850646528203
0.015693927715864264,0.008136572328750247
-0.0031307362787644554,-0.021987932060813235
-0.006686206548716948,0.000754159796020671
-0.00005099837760217471,0.004095260133349452
-0.029578211719770188,0.00936900915762929
0.004414331884744333,0.010208434909800097
0.002249692111810854,0.00489874923833378
0.009500965797800603,0.005085111455243503
0.0023270773263332272,-0.004151385092104592
0.0044368378641083134,0.00023395005420852064
0.013611356050136435,-0.001763057281886852
0.006486268433067619,0.017385163471969063
-0.005236098725828374,0.006276575248392213
-0.009616414514802317,-0.00018187958473041228
0.014411326365226965,0.005340689007570867
0.010982345811806028,-0.002755354232341014
0.005331915321711387,-0.0038284349758917397
-0.003816593592439887,0.002332860430511516
0.007264288784909711,0.004373522445531432
-0.005878251591585758,-0.006508402849079252
0.011478228242387305,0.003654550173197468
0.005109029261746284,0.011058187824152714
-0.016275591579928625,-0.00521095666944769
0.008446405953773297,0.0029275331733146937
0.00778439511372163,0.005861324675939357
0.0012711822507653278,-0.0032078055947200824
-0.010692940746159472,-0.00022575620767487868
0.013078644587365029,-0.001580424394947531
-0.011155998649947409,-0.009051569479042407
-0.005320768163375423,0.0007314347573089042
0.0032688915445467713,0.01544254985183607
-0.018611623698685374,0.0032475791308681904
-0.0009558571609365378,-0.0037995959851966467
0.02341390525803854,-0.01186301328032719
0.012792145390284398,0.00196501421328425
0.0014087816461838254,0.005865750912925489
-0.026244292806472575,-0.002140571985977696
0.010411939480069186,0.005704998940460019
0.021398357892349652,-0.0007320910846569374
-0.010523306135243273,-0.0043556517667147614
-0.011318209820257682,0.00039971698761896864
0.00468771293084265,0.002050390010159427
-0.003094147211968492,-0.0067164851288065985
-0.0030052726055605234,-0.002287003276696683
-0.0013836508330871157,0.004071179613286467
0.009946162587724733,0.015904758191865594
-0.007643297919170164,0.004786014726232414
0.01500932118519662,-0.0013145391345137933
0.028747934338535876,0.003988762906827475
0.00846388788397726,0.015136765147483229
-0.006001500726420431,-0.002801051660516668
-0.029056693824700938,0.0038741868080146374
-0.015400301883450667,-0.009583893325886687
0.006463660345682188,-0.017041355033657894
-0.002206087582448254,0.00126210478836603
0.015476878844973443,0.0018277675973067296
0.010789684575855633,0.00426646743020759
0.0018666198432931015,0.0032518531946984326
-0.0016721331679195486,-0.003689659706342021
0.0193826496425043,0.00014243552733140863
0.009905998640325544,0.010288054776023061
0.006368810843044404,-0.004048558402982818
-0.007575658830050021,-0.012285499419204147
-0.0018152720659058363,-0.0019086689142205743
0.015574779423177622,0.004450748674510391
0.012718693188384794,-0.017598369852894074
0.003989702853180973,0.0023163557107521277
0.002980499049501476,0.014742422584174512
-0.017874712080364192,0.003553493710236147
-0.016687455583152003,-0.002873732901862805
0.010490064091071442,-0.0039341932688122866
0.006459396679031835,-0.001372079644477075
0.005180049414914952,0.0012877341454543584
-0.0063390864627524005,-0.01555325636515763
0.01964388615689437,0.0011723284898410625
-0.0016204679136225522,-0.007339748483137026
-0.011406832120522436,0.018485046802068767
-0.03575495759289636,-0.0021665127683992607
0.0193917428014686,0.00465415387508778
-0.015775026267766584,-0.0007300027260003669
0.019280666526822036,0.001829092246872141
0.005781196623048519,-0.0020266954804876894
0.00018394778822304714,-0.008750107199874756
-0.021470519522489566,0
-0.000845537329763313,0.002640666260410319
-0.0023041515237659438,-0.0013602685806899746
-0.00640986712086418,-0.013012606868569773
-0.0050757609229069725,-0.0034120043457834814
0.005959809177527523,-0.006034236362420916
-0.0037443684464232097,0.007505534904402023
-0.025927638776214974,0.005472487635960138
0.00019531450086077411,-0.013056610840463235
-0.017969570907175447,0.01111835863377609
-0.004375746656045627,-0.026912611207225105
0.002347297228538106,-0.022642577343551074
0.0010961870036178339,0.00038847164676942804
0.005773458867282529,-0.0039018076110289455
-0.008560955956321467,-0.0007240263688284356
-0.016321342973481284,-0.017958657712940335
0.001166939871237498,0.00923177991137523
-0.008919975233013116,0.0038738863520997513
0.009971887963029766,-0.008439844976008543
0.00405063358357388,0.01868053543405934
0.010035329254904805,0.001552826159102025
0.007538971978200939,0.0018764842909221795
-0.021456896853073844,0.010114048376801781
0.00643141748706967,-0.00384213131497365
-0.007094686090672289,-0.012950308307977521
0.011199503546274298,0.005187490232423325
-0.007667609566419621,0.0017714780255266935
0.007777362530558451,-0.005047198872012176
-0.0030067501089458886,0.017871996283044464
-0.000904820683530588,0.0018067979539408642
0.011420248864479416,-0.011008587163736538
-0.006018614779589473,0.006241739023980519
0.020917728138699514,-0.004786009259927512
0.00872494931585663,-0.003525850608614729
-0.0017007141154903314,-0.0017354178313786048
0.012266403702437808,-0.004312342499689005
0.018945932327199096,-0.0027084461720646383
-0.006182114843969389,-0.002610622742730066
0.003988749589433531,-0.010196830410527049
0.00510823706178815,0.0008334150365737285
-0.004376430095033571,-0.00970478665122249
0.005057171411320227,0.015755710555432605
-0.009310981279164337,0.00024897763254638045
0.003749937475360551,0.008556475747707223
-0.00931637961808441,0.010143603584323833
0.016468724823190933,-0.0007696016455412999
-0.014088522183315782,0.001558774986246103
0.015004331283283769,-0.00021361652781592359
0.015908667714994877,0.010170295464257439
0.00249453678449756,-0.0036259035397340025
0.003962848339961093,-0.0009401004613551505
-0.020424021238194826,0.0063804621443762895
0.00960501235257752,0.011105709811347026
-0.0022741126163188206,0.003167988492696476
0.0025581682748572654,-0.0008148474927566129
0.011274023509387084,0.0014821045051102203
-0.0034866476916353105,-0.0017592009013699048
-0.0025320224680350127,0.0022624434389140274
0.006553983695141678,0.0021503634311513344
-0.012976930804091546,-0.010165855055049652
-0.032520375662058204,0.005048344239240397
-0.008355216957995012,0.010045856521480136
0.0011136532069403449,0.014977960537141241
-0.007642322909612166,0.004475313126616489
-0.009651088800216553,-0.0009836539852451903
0.011221655894004005,-0.008276643595609676
-0.009734347103741723,0.01811647641511354
0.007667402374503333,0.0020478188471506143
0.019217739335519096,0.0007671173827173987
0.0003826990397988479,0.006875638078155315
0.004257592848601016,-0.0037211469910548925
-0.0058591378010736,0.00008553539644850224
-0.009439347597167238,0.0010663168995421913
0.007739625449743317,0.0017257601983538123
-0.010320192540673043,0.0013077767517119328
-0.005577662752932757,-0.0014480326951427163
0.007413519945871354,-0.00768850147279539
-0.0025174449134006084,0.006109070089370626
-0.00029130307312319194,0.004978377192982392
0.01937181315261097,0.0065180179250015876
0.0014288363047633864,0.00322657597202665
0.015409390808235618,0.0021386510590334367
0.0074941467877332486,0.0014114203640833236
-0.00009298728442418872,-0.004787717993176415
0.011902550480188732,-0.0019221268138954813
0.1096306707359049,0.007455313180213886
-0.02049699735889179,-0.005147645375907286
0.04747418106412208,-0.0002472198657265024
-0.0006859949895256516,0.00740657725377002
-0.0028675860018640567,-0.0018463653660096254
0.0018225912107230381,-0.0025260799843858078
0.017626912152246932,0.00030256659446678454
0.03718558278176508,0.0008457270079534625
-0.0003063595674237341,0.017062996829978434
-0.010536813067795196,-0.0002421255639924551
-0.0034464343058391834,0.007584139604493891
-0.003963395908485308,0.0006936659345113193
0.006124957550811897,-0.0036244558388620874
0.011981307672823857,-0.00058613971185912
-0.005594043226106199,-0.009981889491859953
0.002350442070536546,0.006184587566954753
-0.01529959368553397,0.0023882323350213775
-0.01327282360171976,-0.00689501592007033
-0.003244338929883849,0.006146863397311586
0.010796273755236556,0.004724859454261998
0.010563096819235689,0.0032754648656701905
-0.027705444398204125,0
-0.0042761224035422485,0.006987285352227909
0.008749731149872746,0.0029553178667685357
0.011140707681485706,-0.0003454014090379354
0.03954668471239038,-0.0068722449009022
0.04069187232539055,-0.0018318178747383327
0.02935290690308022,0.006050221241765454
0.016607838360408647,-0.003632110533723131
-0.022176049543617817,-0.005720723085849098
-0.017950941342624073,-0.0012567207506513688
-0.006515423164012774,-0.0037365459858662927
-0.013371134104093256,-0.00018125905988664934
0.007976252345387033,0.003614037567968278
0.019819704932453844,-0.00186068903205536
-0.015554665498129908,0.010806610059281936
-0.0010217374110251052,0.0096170419805573
0.0005479224144779946,0.004862141050555213
0.024059009386066744,-0.0010371443517084862
0.01062382607474112,-0.0040783528850813445
0.010864933019957038,0.0010479307618022793
-0.011411200758463658,-0.00019858812071612064
-0.00490661996599875,0.005149318348561011
-0.010145526543393816,-0.007970232896039231
-0.017667624755507476,0.003096292053436825
-0.0003283154692610998,0.0003006000674912884
-0.008867975748801013,0.009708238277520936
-0.021871258215892513,0.001605198761920255
-0.005157048254209965,-0.0022817964751886545
0.006773034510889361,0.0047335891403128055
0.02161080854825828,0.00707747752691332
0.000331081446678938,0.0014192225814081841
-0.006693364206898559,-0.010109419730729922
-0.004702088282287645,-0.00016435783295424915
0.009076765292210721,0.0010977639316046082
-0.0023594523632910415,-0.005520049691415335
-0.01903034127020084,-0.002727485170549369
-0.0064037673114768715,0.015939255504019985
0.004018683042066381,0.008974958227082813
-0.01404680842557695,0.001021436191324737
-0.006012831850240187,0.00204576968007011
0.0036603682419928184,-0.00034285291955020024
0.026757394307870698,-0.0005353141223852637
0.014656235458787168,0.003889351454408298
0.001805589626274324,0.0022374899259336805
-0.01371962686523982,-0.0039223594106153
-0.009286314015575095,0.0027757167746371844
-0.002634970319924425,-0.001722947291086086
0.0034723419944435742,0.0021767861307626524
-0.012449586799835188,-0.005362874253355135
0.019957284591952968,-0.000987895638048834
-0.005451975989300066,0.0011710332721404399
0.0030037271417939597,-0.004169261694797579
-0.012165969347885422,0.0010440538735536466
-0.0038651710399928386,0.007248606485518772
0.0328299667905372,-0.0004193408350743225
0.019484259925639617,-0.0020614690008804288
0.0035045105936431283,-0.00037365150578169335
0.014724880427940405,-0.005716490654205666
0.0021997466335566215,-0.006637089771306139
0.0068326326343670345,-0.002118551440549825
0.007489466675341453,0.0013538373765310978
0.0022336234138811807,0.0017677405215838404
0.0009053709138202887,0.009883477941745098
-0.02689339309584993,-0.00017682735309406547
-0.004147535378190197,0.0025277276786230657
-0.009118795537611076,0.0038339625528221893
0.0007607933312922467,-0.0009044348498240016
0.029615114617616574,0.010888907501017708
0.014557647567883475,0.0015351472256670171
-0.00006940884092082165,0.003070677607286122
0.033690291487167734,0.007701693036069378
0.0011400651602165822,-0.0005409167175025423
0.001004784476907813,0.002994086510257727
0.011208886566555882,-0.008955249094007802
0.014595846108440875,0.007372352626897086
0.00765382177636322,-0.002656653303037664
0.011735951121108378,0.004248852544592556
-0.020525178932613374,0.005158759587504018
0.00858604904244606,-0.00018568248589227856
-0.0026419185213989093,0.005630017020121677
0.03669308692156845,-0.000010037272640569957
0.01908514431692149,-0.0006037403251030229
-0.008110130918251086,0.006250897199061291
0.012857681662305108,0.003726348002230515
-0.017223847690002517,-0.003277462761617082
-0.00021949105434051333,-0.0067301105986211675
0.013013841544909458,0.005267809234949733
-0.0071818063566015805,-0.0008940633842600413
0.01596421645897878,-0.007840056271240896
0.012828321991483036,-0.007065154895020339
-0.016938367278350797,-0.008861461814179945
-0.003575441619497546,-0.011145357297421088
-0.008537740537104953,0.008583287440142903
-0.002339996466762351,0.010531736790032036
-0.009038098449272659,0.0006921671703364812
-0.024047745305794434,-0.006739598790892392
0.017332390178707708,-0.008442350488852685
-0.004418288725724273,0.0011482258119665657
0.0006385644994071433,0.008903768526732678
0.00529643412773122,0.00046179193098204116
-0.006982349902255127,0.005655850493087774
-0.0027807105291828022,-0.011777701789267597
0.01410218516452695,0.00901900130753762
-0.008849301671742823,0.0033891787741118433
-0.0009565765169121005,0.005696770261099914
-0.021959105000545962,-0.006170875399741955
0.020853032871288153,0.0039696542923713645
0.019436136946728973,-0.0036172905784277185
0.009783570957922863,0.0013815973589266345
0.0020185439677291635,0.0004934001155179708
0.01193166971693823,0.007171760518429477
0.007840206889624321,0.008694739847592264
-0.005591311661705342,-0.001362323604742024
-0.0014667286458824175,0.000724236815811005
0.0012241324724524673,-0.00011889239648312007
0.00715243839878129,0.006712596166942917
0.030652484544763457,-0.0005466114007719135
-0.006065977506331075,-0.0006306369635843882
-0.002429345215191718,-0.001898206737864973
0.004454694215199735,-0.015560319004483058
-0.008219507218043614,-0.009212875677187192
0.010195631581744087,-0.00011137988407818783
-0.006846589643356218,-0.013751709466646406
-0.028466039408147053,0.003410132244562508
0.005077099333299466,0.0020114151068206304
-0.0017650398984111926,0.0072431597809773296
-0.025545642005520695,0.005618985851209414
-0.015891904401023577,-0.002642507233232756
-0.0070569657561148445,0.009202422786162748
0.02234597277327382,0.000906821329616161
0.02567792025994577,0.00282319609560749
0.006472566127204161,-0.0032095991652228394
0.015652431818875715,0.011177047830655042
-0.007645852726115521,0.0070371426702104676
0.015108687704344374,0.006235526976075083
-0.0036172422197649767,0.00035193460340582713
0.03880257921585895,-0.0023059949033705797
0.004239482621210323,-0.006297203705461183
0.00039938883890635625,0.0037746623943295723
-0.002794322997641592,0.0022435863930248072
0.045919812857113794,0.008586597204334037
-0.005029972795993262,0.004706027656694714
0.0328058219805335,-0.002006032636085984
-0.005852617167096662,0.003933002431187558
0.006047610963806611,-0.0027355785783121406
0.007979622007493383,0.010178726494050255
-0.018524578131376177,-0.0015995584502657503
0.013604412919359977,0.0027533328079138893
-0.0017506689208427778,-0.00006698780196121174
0.012435586827411926,-0.009725542188699816
-0.006246401962121314,-0.004540996819274236
-0.0013732950517380317,0.0005629161742245145
-0.013540657474780051,0.0012416201215135066
-0.027667589615299235,-0.009378235279870244
-0.02084479689048862,-0.0037506872160609655
0.014304970679749113,-0.006729409481521662
-0.018489701339109474,0.009557196477173653
-0.009730098302314836,0.006740214885337312
0.013081913457675216,0.001473257475453257
-0.003383310761619214,0.0027333792936036602
0.022801838639410762,0.0014911947843431978
0.008906376286032585,0.0006236707616774808
0.009814595302562656,0.003957018963642886
0.012705676165810954,0.0009480167676061646
-0.0019301796410210127,-0.002817411381772153
0.01745901497981421,-0.0008630640534220068
0.0043294678289925,-0.013005125078028217
0.00026286822729852004,-0.010242946247381549
-0.008409116641778706,0.0005878588898904103
0.0028092026533000857,-0.0009380168349337217
-0.025845719717050873,-0.007328380895905981
-0.012424727458589174,0.012206230001735319
-0.009339610133178721,0.009732773471573539
0.013420606630529637,0.005513494795725193
0.014173106037995908,-0.007953654484245131
0.005287866058918554,-0.004609325859715365
-0.011325124906432862,0.005802972528993617
-0.005266066715310401,0.007915489810579464
-0.0006003854237648854,0.005371011056540778
-0.0010375477483156096,0.007166425219588431
0.007489174661443906,-0.0018158880301267677
-0.0018990492176981218,-0.0003734503289202441
0.0013591408828027708,0.005047765960659665
0.005374542736894438,0.003669112741827885
-0.008423863116491341,-0.003869344347908655
-0.005663528287265668,-0.0012248514167241906
0.008160462299476095,0.005039159376852848
0.01021282028525705,-0.008403999574501228
-0.00650668619063572,0.00009576525836001497
0.000487158564644754,0.005898537691540293
-0.003408382437328071,0.005145247979742211
-0.012268699373732986,0.006132296830771889
0.0015389431296135509,0.0012613794280600433
0.004005987146205199,-0.0004512362508226649
0.006012239921319147,0.0017870242887262414
0.0032054398869913745,0.0028212595234103936
0.0057405215775542685,0.005645388882387401
0.01335420692960234,-0.0038262271950495305
0.001487783060310739,0.008233261998640126
-0.004881318263726537,0.0026370726836362044
0.011996809927161942,0.007183156143108007
0.0001580438198041837,0.006562824005014843
-0.027603672279622314,0.010714741465325429
0.0016794377127038753,0.00020749388367620112
-0.00519203086378744,-0.0014747979433519126
0.012612731603934108,0.005487978198017869
0.04316560694703318,-0.007254905229873765
0.012094672307916767,-0.0019865053848098614
-0.017187949500391937,-0.0009793347483275448
-0.00046561885748676643,-0.02326432761728922
-0.001449416524670174,-0.00874020067734858
-0.014618915979209503,-0.015778280043488628
0.011468816774187911,-0.0020527040220989865
-0.01815259958772899,0.009559251299373824
-0.04184984653077606,-0.011525115180303674
-0.002432671663819401,0.008110971202904506
-0.011140072267095184,-0.003686008681420271
0.0025782053659268254,0.004247217699776628
0.01134837275154332,-0.008837910957280315
-0.007406987172253407,-0.007070158849567073
0.019658107622487573,-0.001734371321551991
0.019825229122504187,0.0035760982785722835
0.002142183612039801,-0.0014186170374732836
-0.01533701896944294,0.010435590733901873
0.006186905770808272,0.008726467003591403
-0.006364544893187485,-0.002674182246605744
0.008956643906220143,-0.00582229054567677
-0.0053802048315075655,-0.003287953347498707
0.010710399030418566,-0.009513929416249454
0.004763099801468959,-0.010580287785450272
0.012570631605655797,-0.009273829792423903
0.004260905353872861,0.00871069983434061
-0.0064428355228776145,-0.0015426456433022308
-0.02562210636046541,0.019023529964669286
-0.014338337990583112,0.0005228875003428022
-0.023165136771948227,-0.0015296298111658105
0.024388898346666014,-0.004874698450553516
0.0018102401577116149,-0.015926409732359106
0.018836950461679183,-0.009896900598834687
0.0016661023943135205,0.0029818569977957056
-0.003004757210788793,0.003052086424344714
-0.018567324111244374,-0.003988084980675021
-0.012886638055522495,-0.011537625250253288
-0.005055226772168089,0.013262644974391596
-0.00636515474689876,0.005281003483528563
0.007979376765818457,-0.00691763056338776
0.012543144071918661,0.009699675495621387
-0.015691161386437946,0.003251159503488109
0.0080544729222419,-0.01138112347486572
-0.0014427067754189892,0.019425574861184965
-0.019004211288037264,0.0006246126938978759
0.011612116481917333,0.004621743176514755
0.007391255702799505,0.0022063415204684198
-0.0051692369085223925,0.0014324199091543365
0.014861939290685836,0.003983815001829881
0.003083070877533183,0.0020986665756592524
0.005488440599153348,0.004556037037655712
0.0011462981444205753,0.0019329325823936058
0.015048228347254913,-0.002132964211078821
-0.0023096196667819844,0.0037145037389656643
0.01092917179941336,-0.00011831183425735649
-0.0019172275001044662,0.0019547796887942614
0.007683707429014681,0.0028011572779359393
-0.006618985693148145,-0.004126470448903828
0.00458416054261449,0.0044699661653644866
-0.015281730201380508,0.007016519555193987
0.008729368989266325,0.004400344251102595
0.03637826493340287,-0.0019833417081575825
0.0004639067335988908,-0.0035826872127588793
0.004997409176534509,-0.005749288390329105
0.02147944805767724,0.0091587596826219
-0.033122599320862894,0.00021462460921099663
0.009758192465518107,0.0022299716755018284
-0.011411624028145712,-0.0023413788815292835
-0.007955458763521148,0.00839357737282794
0.017873026492785868,0.000009217600518142053
-0.004016485417286327,-0.00043954621910897285
0.00992665268885348,-0.005624036826411621
0.004556146457382127,-0.005437004787259393
0.008255662704302306,-0.008078464094686344
-0.002678858892193268,-0.0075214400236532945
-0.0077538707477557475,0.0019017372007999241
-0.023290307243444396,-0.010093348769665101
-0.011295295034721596,0.008005484295554692
-0.012164831054757606,0.008683858280906245
-0.0026771064393707866,0.007873532852370987
-0.004938970573996619,-0.005178444235746049
-0.015646079304882037,-0.0017821560887599135
0.003946194519229384,0.011475105350331626
0.005404833309185984,-0.0037210907586775507
-0.0004342676189682604,-0.006329369190378404
-0.0032052261886372575,-0.0033259265183233104
-0.0014714439754900748,0.008637657036038738
0.005730729586254692,0.007833594637624694
0.009985354571133517,-0.00006493288436226805
0.011068755800636917,0.0017923882463645455
0.007227528994532336,0.00518213294430524
0.007122953932087961,0.0012773939045715504
0.017759788261041593,-0.004481139674465624
0.013383417466203291,0.0008928891122494631
-0.0017269859866631274,-0.0016501280004043754
0.014756020991280124,-0.008277838417048105
0.005365304764451293,0.005751355811355261
0.005436452814226904,-0.0028731950321348476
0.00620068135923087,0.007517852262055319
0.0013310749099040358,-0.005488840830416973
-0.019201513487123154,0.0006225524741569893
0.02329204913783298,-0.009076853461974914
0.012460035903612245,-0.00771227552075772
-0.01884771449555641,0.011823498183147334
-0.007950584163213979,-0.0053199930010172074
-0.025387026513398615,0.003997314588074844
-0.007354900507772647,0.006542116977595527
-0.02163893867327207,-0.0018709913063551275
0.029102024654762016,0.0021303183794972626
-0.01218572440381206,0.007449420253579769
0.011138861004328957,0.008693492671040658
0.01935551505940542,0.00009589714311817436
-0.025855930465023,0.00684128050015456
0.01353030899322402,-0.0003900691198549234
0.019998972854044766,-0.007446367341197227
0.028683138374541433,0.006510119690673989
0.012771768914107466,-0.00250722066818129
0.04192337948777735,-0.002126560348135818
0.016122362354814904,0.0048462268200553495
-0.021458537071701343,0.006770975881074414
0.01500652751377967,0.004470088184217094
0.00018316301090665803,-0.00020655182986315096
0.01125795172621513,0.003171021379806004
0.021541548453095766,0.009944194379070662
-0.007398269698236918,0.0036530344797496605
-0.008346048760156533,0.003264280878675648
0.0037806940188471346,-0.0009069519658346046
-0.004035360389522867,-0.008945726164782463
0.017287046706152154,0.010324829291580502
0.01907347232520609,0.002314960252785131
0.030050336416063868,0.00020642569930061507
0.005354040762843553,0.005316305786209126
-0.020128326814493173,0.0018078777292575819
0.007360835861110766,-0.003591777248262431
0.013297040762566886,-0.006452600726190997
-0.007043396416846012,0.006987615084868838
0.02828916088826929,-0.004376857369587782
0.0002052840872759884,0.0075274321527100604
-0.011289420186926968,0.00706143887714404
-0.013702175923420297,0.0016577912437510073
0.01928113043104831,0.001024087115142757
-0.008095165645845026,-0.0022145336815523687
0.0024567314647331554,0.011668203489681613
0.02587743785332274,0.00398135462465455
0.009960219381024982,-0.003969809600885914
0.01783991599585511,-0.0012915419646335408
0.006341476812343742,0.0003168839117059048
0.010958940043017572,-0.008402927100723488
0.02129298923092465,-0.005357272236578505
-0.01880217995368808,-0.0037628890493259758
-0.015260355717352476,0.0052235296795137606
-0.02573658991923626,0.004524544568768579
-0.01006721198555862,-0.013029485040382703
0.010413657602907224,-0.013166488764299135
-0.012037461298559019,0.007300145293466285
0.028035862979425064,0.012779338869827917
0.013635595595869346,-0.011936414270938974
-0.017792909526806195,-0.008687975214783178
-0.014452415411711028,-0.003949922284933079
0.011957755171109474,-0.00812241056827855
0.0005189680051700073,-0.015767535618395015
-0.021745140344602416,0.00912247264093899
-0.007137686508402708,-0.0012333816509966207
-0.0052582140615826875,-0.006898080416746754
0.0055750971869412335,-0.004290539402253108
0.0119507306085735,0.007122269309639335
-0.0011769598656685806,-0.013630607140958711
0.016902317658852303,-0.02385283079685953
0.001877941020542558,-0.026681114229780475
0.0033499808774668165,0.003063031312844521
-0.02086740138916869,-0.004541918609106501
-0.021596101184906347,0.01544015444383128
-0.06874944283098293,-0.02155325746462931
-0.06540439228276124,0.023239641896551318
0.05773000645927678,0.0038195273334924802
-0.017441896621495263,0.006872770511296076
0.011054560644846357,-0.012442446916554436
-0.01297526515671072,-0.014302046074340862
0.035622337331451155,-0.005658225667373217
0.011717172379966568,-0.00960934969864079
0.021101252524413975,0.007682243806877625
-0.010740741838556363,-0.009765481796620876
-0.04342921764764486,-0.009372970236204042
-0.03509483374379759,0.022018904287138513
-0.007481435535949266,-0.005116572966677111
-0.00848575253305174,0.018453797929382787
-0.014295829197677946,-0.0005920522818728341
0.01367871784646741,0.016622573845593007
0.04105643525143678,-0.0027480337344830854
-0.028313986043131834,0.0005701254275940707
0.00402075181625015,0.006495763532763599
-0.004711407703704185,-0.0012454888958956744
0.017656818145235696,-0.009730567023191495
0.014326892560397791,0.00956858274849594
0.012657037802069657,-0.0005858908575477974
0.005977710707858428,0.0038198983317208816
-0.015530711298036473,0.00616952525418397
-0.012300475429245141,0.007601448061233807
0.018009218841919344,-0.009959695460144578
-0.0013642910297780749,-0.005269269434333533
-0.001001809495960109,-0.006915043920911578
0.027852353591721214,0.009675313843303897
0.02004619429272311,0.005362889006221583
-0.01095651493863261,0.0040475033295768416
-0.021540317607629828,0.012102936914967161
-0.009030555103212908,0.0016622431476651955
0.006256502993974516,0.0006435745971912566
0.016625420253801988,-0.0013092913747559435
0.021671743794750654,-0.007967211923271475
0.013750839713912076,-0.01685539079713227
-0.0008129038951486823,0.008730166689013325
-0.009507211606948587,-0.019193543503304874
-0.0035884785166428955,0.0057873364360352675
0.002473317720557544,0.017863923921175476
-0.027269274607923055,0.005024419047042594
0.009033081168132014,0.0012880809749048342
-0.03841065964044663,0.007671999635887452
0.006695727856004278,0.0018690242992666004
0.011799012350612502,0.005371823308518564
-0.00310670154674974,-0.0014223747203279127
0.004651927827400246,-0.018052009860532826
0.015914527305229843,-0.008415473312255905
0.0057527869559590135,0.0062221231303042435
0.0003519093249141069,0.0046552563004656254
-0.007345229810994934,0.007430618509788473
-0.02503439894831964,0.0002439635636473583
-0.010043520053893916,-0.0064487446525228346
0.008446972019285,-0.01114199675700718
0.01989339236113565,0.005162885989364876
0.004776038378117812,0.004143633014306237
-0.0038204231460965145,0.002817595994666026
-0.0002230525098571629,0.004906430487124518
-0.01302400734325197,-0.0030907706291116058
-0.012337339920523011,-0.002462612826238171
0.005399188650395629,-0.005312723906776338
0.005552306658046965,0.013895116731774015
-0.00009044204861611398,0.00032149025067817425
0.0055221482052098215,0.0013682258762349794
-0.002926095053445241,0.0001604738994154367
-0.00853261550924095,0.005033433635738063
-0.0011383773645789832,-0.0035668807173134813
0.029950665765051322,-0.008354123274816324
0.005532775733307362,0.0016894991460093647
-0.0012766938672273086,-0.006382606242759791
0.04398620480994147,-0.011038398049941387
0.04504571229796463,-0.0008769466134493556
-0.002060181959347813,-0.00003758753989611263
-0.007165027031561409,0.016818790551415636
0.017246804444993654,0.00578898331560987
-0.0011622326916659283,0.00170738084426439
-0.013202260606070793,0.0020252111159476094
-0.015371467615038764,0.011715428403976194
-0.012348878930246866,0.000628268590985511
0.02630276077187984,-0.01136473300881308
0.01857956106724425,-0.005007474866854972
0.03276129077025463,-0.005271418430090481
0.0005035304393503503,-0.007879921056080567
0.014478753429743252,-0.0020146398334998723
-0.015149772775505058,-0.007781338533184081
-0.009842029154594662,-0.0034395979035781988
-0.019135804671410014,0.01236290718634653
0.002513463367313455,0.005067268627448897
-0.025628883977679515,0.00016689574601043915
0.016541434650383737,0.008196079079985708
-0.01956679687503867,-0.004117590978562637
-0.0032784882279674192,-0.0026440818899684635
0.015006974557579838,-0.001309414988856755
0.010167372840966606,0.006578642575862868
-0.01166904920087945,0.011409785060063453
-0.000040388792110189425,0.0059658791445535465
-0.009778581498326746,0.0004704786030941204
0.0026633181760081868,-0.002061801160011429
0.006170915726918527,0.012020354070723457
-0.00406155826770897,0.011922438766415107
0.009461254627378,0.003583690164165042
0.021936840240120367,0.00013664617937976238
0.004308910588644176,0.007369987437462747
-0.002479922222252397,0.0030936427105038283
0.02920056568724729,0.006124495190722754
0.02089557850718903,-0.0009842339509684907
0.011980465913485425,-0.005568018631802073
-0.004267815284945618,-0.008959699962967095
-0.014833594664185417,0.011361384503599973
0.021488292498356345,-0.0033266009187294158
0.019628901909970565,0.010917400279973056
-0.0007991427361648469,0.008569610198790035
-0.024501056672280398,0.0037748943605823743
-0.012893594081660256,-0.005912133218725315
0.032315269029730795,-0.003946272460010978
-0.013165117642012749,0.005858785997585731
0.00796739627779711,-0.005267483483685651
0.023419114006853408,0.0058124175966219405
-0.0015447788475411622,-0.007509489716636975
-0.010433815445057509,0.0010704479513983572
-0.01610676686138521,0.004031319185090256
0.0006281825129249075,0.004027965009890281
-0.018206584250097548,0.00828040077750946
0.003911839668515937,-0.0029142395628669214
-0.0022854630608512964,-0.01347335209991985
0.011566754401971805,-0.0015955909664435836
-0.0027473193442914476,0.012975193172479386
-0.0021962601477162214,-0.007193373544990007
0.002686120161933911,0.009693568163151593
0.031404631341919266,-0.0005529726350287479
-0.02929396098677988,-0.001991836095315826
0.013751036288812695,-0.0010661208128105077
0.018807082621734254,-0.00973339879186322
-0.012306515101741525,-0.008652133727070833
0.01486444051808971,-0.012041345402541044
0,-0.005075103898954447
0.008795306127196692,-0.0020261746257209394
0.002704446197935158,-0.011588025913934095
-0.01699967364488296,0.006624352691477601
-0.029893875970799035,-0.005796606778739688
-0.03278746251362109,0.008971910907950104
-0.033090951669200466,0.013329435218527075
-0.0042182144222554325,0.03691540793300607
-0.015265910495450093,-0.010073374336863077
0.023050913963833835,0.0024596921163267307
-0.002816381578162848,-0.0068879933645441555
0.006722868476160267,0.016046066804959364
0.0016201536205516487,0.006809330608120469
0.04615743086771992,0.00033543680161009665
0.010483450960569516,-0.005671205281358122
0.0004478190156459872,0.0071494872135216304
-0.004849262380674496,-0.0019337663337070789
0.002211500096055801,0.013901936008434918
-0.01959822261280636,-0.005534114600302063
0.00999499545229117,-0.01479833335928518
-0.008083089506651401,0.0022712730343008507
0.01271847371184533,0.004384747953140469
0.0003008332441580954,0.00359812871919735
0.02259136717274565,-0.004964181648728926
-0.006285759211167018,0.0006592875869835551
-0.01797811963306552,-0.007617057293467871
-0.009379448840779092,-0.012784030044823817
0.0032321351590174708,0.001657758797948396
0.0075806105301636255,-0.000004259504768480251
0.0022571287812885683,0.012000205072934467
-0.0036783134415429956,-0.009098433452363403
-0.007308320762628048,-0.002085381463250687
-0.02675417721353278,0.008273735263297778
-0.0010139109387856434,0.004331778554874171
-0.002849295211547138,-0.0005064338277721914
0.015187741011240994,-0.00445044785907134
-0.013302550947698447,0.006510389269441194
-0.013364615457498178,0.003767209535903187
0.026497152347598044,0.0005415640330551483
-0.0013118221626260173,0.0025174649128327773
-0.015454196509727926,-0.011350334609831068
-0.016520888151962777,-0.021382403208905495
0.012568921323828194,-0.00023352482922441194
0.007605369044105081,-0.004932545113431875
0.0031677589153627393,0.007305046321911829
0.0011305213779392812,-0.0026245921985348867
-0.01608259827039122,0.003103190651374101
-0.008944358210434022,0.006407297199242852
0.02240315003584685,0.0021350634363414196
-0.0009764826106983458,-0.007751838288769994
0.0021113257075388086,-0.015318782090530716
-0.0008193518939016686,-0.006397075114390235
-0.003436152686638635,-0.0013352831549719069
0.01324353123373522,-0.005273121290780029
-0.008623484072795378,-0.001698954009102854
-0.015602392720574964,0.0028571800843127317
-0.010183434805455301,-0.008427603980862427
0.025220161017234205,-0.009276785484631745
-0.005427474077559837,0.0029407697379525413
-0.011346410388122884,-0.0124123043712898
-0.02192037104081253,0.0015801102003642352
-0.01437262727148676,-0.012252952282018068
-0.002348102846782889,0.007884888799652693
-0.024815153002698626,-0.008471673555134382
-0.012405837562525007,0.016300511261572413
0.012004327372192567,0.00699755617297066
0.008978392129595655,-0.01654424518753928
-0.03461808681880768,0.009477595216506133
-0.01316303026185244,0.0016682158004420525
-0.01675090444024396,0.0005521986372778295
0.03871459546765438,-0.0033382234956073
0.00846094808808071,-0.00892255604974137
0.0969366145838111,-0.01624282989288414
0.010590282984264811,0.008192639025367316
-0.007956540439073505,0.021100066784158426
0.01142412062190107,0.004295591066552767
-0.012881056002596553,-0.00533526652296001
-0.003918670423463585,-0.008853785811551166
-0.019040798929957695,0.006845829151622362
0.02334064197453212,-0.0204431188624044
-0.007093188919455298,0.004329545403409671
0.006354505539614536,0.0002996869316319196
-0.009059826398259831,0.009061643863416652
-0.017058573121617623,0.005193547437584882
0.0054762198670010144,0.002967394546403392
-0.03375924362461863,-0.004793568966289867
-0.004351778752874686,0.00847694409536909
-0.002123020965393085,-0.006536749830773866
0.019939993048598476,-0.016894659880947033
-0.0002454582456881686,0.002130859047389109
0.009982046772228598,-0.012531589444607139
-0.01948318987863964,0.053191129222994675
0.012599695325900861,0.02891557664551673
-0.012116501810487058,-0.0010344649051832744
-0.010984924040321977,-0.012771612281948667
0.006889621874557126,0.01145084856119913
-0.022103228956155734,-0.005081565350498267
0.06386485963789382,-0.003296461964002399
-0.012078014331268054,-0.009983032563947912
0.03187545106560495,-0.004040562718349742
0.0006648188828493881,-0.012307760296977197
0.013481264668510925,-0.00432668381842988
0.009446366592382247,0.016797833391649114
0.01772273319640725,-0.0069608338259003495
-0.02052917299658621,0.006275284830483118
0.0047129731553398465,0.0031933145458649032
-0.0022501050239043287,0.007684354496951497
0.0015289621856543949,0.003123840868154435
0.011182365599121303,0.010672506106071119
0.028684609604582273,0.006516288783038026
-0.007448196515573302,-0.006302602285058965
0.003992372893715754,0.0013591236483242416
0.004528688263892454,-0.0018527934714962346
0.006011058882472809,0.00011230466767394336
0.01759757562251367,0.01751993829083665
0.014214114828442759,0.004857107869725335
-0.0015532899121541237,0.0028157978316766296
-0.015380221829606007,0.0011070903079854622
0.031635959996733506,0.004263889262351601
-0.003654833644804966,-0.002018173095345901
0.02504894468847823,0.004099084447704514
0.008213734151265707,0.003844209303019774
-0.009972280902866688,-0.008649599497456606
-0.005087573249649969,0.00044505736209455237
0.0005147902753165002,-0.006127528027103349
-0.00710046736827948,0.002672990423962088
-0.0085676938485074,0.001966845862742893
0.01651681974708833,-0.0009205368284421311
-0.00898123537222682,0.004678329757246775
-0.012244814231533327,0.004941332311045938
0.03116680099794178,-0.0025584603010057523
-0.006486454187113078,-0.004511881140366829
0.005537432789332036,0.013374538775257601
-0.00792052467946654,-0.0029857997722332074
0.03464222587024154,0.005233557818627183
0.025103545755317935,0.00416919592801757
-0.00649374606224312,-0.00782646720250166
0.00578823641912837,-0.0006510930299483493
0.009731699850160869,-0.004481997236400504
-0.0008325248060613456,0.004085307830696373
0.0061528590741694025,-0.0020592375438547154
0.006656674032617905,-0.008062669478096885
-0.018445825085540563,0.001342112989137273
0.02278947006304442,-0.0067602253403141
-0.004790396038304015,0.004499576686367302
-0.016593869112159557,0.005176208358524324
-0.0011914329202274976,0.009597586981367914
0.0026115114768558013,-0.0027095898349493272
0.011383290207825128,0.00921273094358733
-0.006772190713080875,0.0046568343608714095
0.00028813201262760314,0.003113311932988341
0.00371216994154793,0.0009869417524582796
0.009373888797689942,-0.0007374476556100563
-0.010297624899273218,-0.003930618336017579
-0.0024894453352484074,-0.007204522587312614
0.00841493678329903,0.009833794596849143
0.021639098202700366,0.0008206732231399157